"Authors","Author full names","Author(s) ID","Title","Year","Link","Publication Stage"
"Dong F.; Wu L.; Feng Y.; Liang D.","Dong, Fangyan (56577237700); Wu, Liangda (58028291900); Feng, Yongfei (55887982700); Liang, Dongtai (26659471800)","56577237700; 58028291900; 55887982700; 26659471800","Research on Movement Intentions of Human's Left and Right Legs Based on Electro-Encephalogram Signals","2022","https://www.scopus.com/inward/record.uri?eid=2-s2.0-85144607599&doi=10.1115%2F1.4055435&partnerID=40&md5=0d9c9c7f32955235a2b47c73714ff79c","Final"
"Yang B.-h.; Yan G.-z.; Yan R.-g.; Wu T.","Yang, Bang-hua (23391052600); Yan, Guo-zheng (7202089875); Yan, Rong-guo (14219948300); Wu, Ting (7404815778)","23391052600; 7202089875; 14219948300; 7404815778","Adaptive subject-based feature extraction in brain-computer interfaces using wavelet packet best basis decomposition","2007","https://www.scopus.com/inward/record.uri?eid=2-s2.0-33750469388&doi=10.1016%2Fj.medengphy.2006.01.009&partnerID=40&md5=8308fa86579eaaf8842228e368dc64cb","Final"
"Chen G.; Zhang J.; Yao L.","Chen, Guangming (55733413000); Zhang, Jiacai (15924222700); Yao, Li (7201688042)","55733413000; 15924222700; 7201688042","An improved feature extraction method for self-paced brain-computer interface application","2009","https://www.scopus.com/inward/record.uri?eid=2-s2.0-67650672438&doi=10.1109%2FICCME.2009.4906643&partnerID=40&md5=1b6b07e0cde2a00f5d94429ed6644326","Final"
"Singh Malan N.; Sharma S.","Singh Malan, Nitesh (57205078392); Sharma, Shiru (55542094100)","57205078392; 55542094100","Time window and frequency band optimization using regularized neighbourhood component analysis for Multi-View Motor Imagery EEG classification","2021","https://www.scopus.com/inward/record.uri?eid=2-s2.0-85102566419&doi=10.1016%2Fj.bspc.2021.102550&partnerID=40&md5=1f29acafccb64b2bcd0e4fd4a7c32caf","Final"
"Nguyen N.A.T.; Tao Q.-B.; Yang H.-J.; Huynh H.T.; Vinh N.T.Q.; Ninh D.K.","Nguyen, Ngoc Anh Thi (57191265267); Tao, Quang-Bang (57190140556); Yang, Hyung-Jeong (7406566089); Huynh, Hieu Trung (16642607900); Vinh, Nguyen Tran Quoc (57222523136); Ninh, Duy Khanh (55611447700)","57191265267; 57190140556; 7406566089; 16642607900; 57222523136; 55611447700","iTa-DFiE: An Innovative Tensor Algebra-Based Detection Framework for Incomplete Noninvasive Electroencephalography","2024","https://www.scopus.com/inward/record.uri?eid=2-s2.0-85191892245&doi=10.1109%2FACCESS.2024.3393413&partnerID=40&md5=13941fb738be253512d7c8f4b6539473","Final"
"Xue S.; Geng X.; Li D.","Xue, Song (57226315977); Geng, Xiaozhong (25821795800); Li, Dezhi (57226318565)","57226315977; 25821795800; 57226318565","Feature Extraction and Classification of EEG Signal Based on Deep Learning","2022","https://www.scopus.com/inward/record.uri?eid=2-s2.0-85170035897&doi=10.1109%2FICITBS55627.2022.00035&partnerID=40&md5=ce7208b7007229fb79693037914dc7aa","Final"
"Pa Aung K.P.; Nwe K.H.","Pa Aung, Khin Pa (57213417496); Nwe, Khin Htar (57213421976)","57213417496; 57213421976","Regions of Interest (ROI) Analysis for Upper Limbs EEG Neuroimaging Schemes","2020","https://www.scopus.com/inward/record.uri?eid=2-s2.0-85098668264&doi=10.1109%2FICAIT51105.2020.9261789&partnerID=40&md5=e0afaacb7aced8e4531e70600961fe1e","Final"
"Mishra S.; Mahmudi O.; Jalali A.","Mishra, Shubhra (58550398200); Mahmudi, Osama (59203770200); Jalali, Amin (55508544400)","58550398200; 59203770200; 55508544400","Motor Imagery Signal Classification Using Adversarial Learning: A Systematic Literature Review","2024","https://www.scopus.com/inward/record.uri?eid=2-s2.0-85197560972&doi=10.1109%2FACCESS.2024.3421569&partnerID=40&md5=f4235da63521c9d516eff5b47dcf7508","Final"
"Wu W.; Gao X.; Hong B.; Gao S.","Wu, Wei (56529849100); Gao, Xiaorong (7403873062); Hong, Bo (7202125896); Gao, Shangkai (7403253382)","56529849100; 7403873062; 7202125896; 7403253382","Classifying single-trial EEG during motor imagery by iterative spatio-spectral patterns learning (ISSPL)","2008","https://www.scopus.com/inward/record.uri?eid=2-s2.0-44349107795&doi=10.1109%2FTBME.2008.919125&partnerID=40&md5=160147f9d56f7076e5a621cc5d041252","Final"
"Li F.; He F.; Wang F.; Zhang D.; Xia Y.; Li X.","Li, Feng (56668990100); He, Fan (57215411817); Wang, Fei (56366666900); Zhang, Dengyong (55318418900); Xia, Yi (57215436354); Li, Xiaoyu (58411965400)","56668990100; 57215411817; 56366666900; 55318418900; 57215436354; 58411965400","A novel simplified convolutional neural network classification algorithm of motor imagery EEG signals based on deep learning","2020","https://www.scopus.com/inward/record.uri?eid=2-s2.0-85082449749&doi=10.3390%2Fapp10051605&partnerID=40&md5=0955e3a33f14c492dcfe9df2a5e91b51","Final"
"Zhao L.; Sun Y.; Ma Y.; Guo X.; He Y.; Gao X.","Zhao, Li (56189825800); Sun, Yong (55762081600); Ma, Yanzhen (36468464000); Guo, Xuhong (57207168918); He, Yang (55576249400); Gao, Xin (57198548120)","56189825800; 55762081600; 36468464000; 57207168918; 55576249400; 57198548120","Research of brain-computer interface system based on motor imagery","2012","https://www.scopus.com/inward/record.uri?eid=2-s2.0-84878863366&partnerID=40&md5=fdd8ced1affd0f5dde49fc517965398e","Final"
"Firat Ince N.; Arica S.; Tewfik A.","Firat Ince, Nuri (13608128800); Arica, Sami (6505854027); Tewfik, Ahmed (7005761262)","13608128800; 6505854027; 7005761262","Classification of single trial motor imagery EEG recordings with subject adapted non-dyadic arbitrary time-frequency tilings","2006","https://www.scopus.com/inward/record.uri?eid=2-s2.0-33747627391&doi=10.1088%2F1741-2560%2F3%2F3%2F006&partnerID=40&md5=1b74d62d57cb50c95dd753d2e3b087fb","Final"
"Feng Z.; Qian L.; Hu H.; Sun Y.","Feng, Zhao (57221326492); Qian, Linze (57221336510); Hu, Hongying (57218444265); Sun, Yu (35207032000)","57221326492; 57221336510; 57218444265; 35207032000","Functional Connectivity for Motor Imaginary Recognition in Brain-computer Interface","2020","https://www.scopus.com/inward/record.uri?eid=2-s2.0-85098853901&doi=10.1109%2FSMC42975.2020.9283075&partnerID=40&md5=38d423b034e20074112d8f8f24ad86ee","Final"
"Song Y.; Sepulveda F.","Song, Youngjae (56470020400); Sepulveda, Francisco (35332649300)","56470020400; 35332649300","A novel onset detection technique for brain-computer interfaces using sound-production related cognitive tasks in simulated-online system","2017","https://www.scopus.com/inward/record.uri?eid=2-s2.0-85010464434&doi=10.1088%2F1741-2552%2F14%2F1%2F016019&partnerID=40&md5=74369c44d8d1fea583340028110f5584","Final"
"Luo T.; Zhou C.","Luo, Tianjian (57201472647); Zhou, Changle (9736744700)","57201472647; 9736744700","Overlapped Features Strategy and Parameters Optimization Patterns Recognition for Motor Imagery EEG; [重叠特征策略与参数优化的运动想象脑电模式识别]","2020","https://www.scopus.com/inward/record.uri?eid=2-s2.0-85092397780&doi=10.16451%2Fj.cnki.issn1003-6059.202008003&partnerID=40&md5=7ae7a7aac0d83cb703e28641071eae0a","Final"
"Herman P.; Prasad G.; McGinnity T.M.; Coyle D.","Herman, Pawel (16836503400); Prasad, Girijesh (55812562500); McGinnity, Thomas Martin (7003792410); Coyle, Damien (56126103700)","16836503400; 55812562500; 7003792410; 56126103700","Comparative analysis of spectral approaches to feature extraction for EEG-based motor imagery classification","2008","https://www.scopus.com/inward/record.uri?eid=2-s2.0-49649127153&doi=10.1109%2FTNSRE.2008.926694&partnerID=40&md5=84c816f5dcb1728ef1bae28ede18389f","Final"
"Daly I.; Billinger M.; Scherer R.; Müller-Putz G.","Daly, Ian (36458224400); Billinger, Martin (24366121100); Scherer, Reinhold (7102003106); Müller-Putz, Gernot (9333504500)","36458224400; 24366121100; 7102003106; 9333504500","On the automated removal of artifacts related to head movement from the EEG","2013","https://www.scopus.com/inward/record.uri?eid=2-s2.0-84877842213&doi=10.1109%2FTNSRE.2013.2254724&partnerID=40&md5=26b704d7485659c07588f106f01a6ce9","Final"
"Zhuan Z.; Bian Y.; He X.; Yuan P.; Geng L.; Li J.; Sun M.","Zhuan, Zhikun (58847608100); Bian, Yan (34972592400); He, Xinglin (57726805800); Yuan, Peng (58847916600); Geng, Liqing (24922515800); Li, Junjie (58847829300); Sun, Miao (58920475700)","58847608100; 34972592400; 57726805800; 58847916600; 24922515800; 58847829300; 58920475700","Research on Hybrid Online Brain-Computer Interface System Based on MI-mVEP","2023","https://www.scopus.com/inward/record.uri?eid=2-s2.0-85183325858&doi=10.1109%2FASIP58895.2023.00017&partnerID=40&md5=0f756846468d04246377a90d8d7bb409","Final"
"Ge S.; Wang R.; Yu D.","Ge, Sheng (55245829900); Wang, Ruimin (56693145700); Yu, Dongchuan (8252029100)","55245829900; 56693145700; 8252029100","Classification of four-class motor imagery employing single-channel electroencephalography","2014","https://www.scopus.com/inward/record.uri?eid=2-s2.0-84903386065&doi=10.1371%2Fjournal.pone.0098019&partnerID=40&md5=2e4bf64429fed67da61abf54b5165511","Final"
"Higashi H.; Tanaka T.","Higashi, Hiroshi (35068075200); Tanaka, Toshihisa (55727208700)","35068075200; 55727208700","Simultaneous design of FIR filter banks and spatial patterns for EEG signal classification","2013","https://www.scopus.com/inward/record.uri?eid=2-s2.0-84875517106&doi=10.1109%2FTBME.2012.2215960&partnerID=40&md5=13897016a28dff8af192761ca8cf0d0a","Final"
"Qin L.; Ding L.; He B.","Qin, Lei (58451779900); Ding, Lei (35774206300); He, Bin (16400602300)","58451779900; 35774206300; 16400602300","Motor imagery classification by means of source analysis for brain-computer interface applications","2004","https://www.scopus.com/inward/record.uri?eid=2-s2.0-19044393722&doi=10.1088%2F1741-2560%2F1%2F3%2F002&partnerID=40&md5=bdd9dc0b2b35d0755ec20a1f4411a2a0","Final"
"Hsu W.-Y.","Hsu, Wei-Yen (24821138400)","24821138400","Motor imagery EEG discrimination using the correlation of wavelet features","2015","https://www.scopus.com/inward/record.uri?eid=2-s2.0-84927800856&doi=10.1177%2F1550059413514974&partnerID=40&md5=3951de4a98488b90021c1f832f3adcf0","Final"
"Tong J.; Wei X.; Dong E.; Sun Z.; Du S.; Duan F.","Tong, Jigang (36495629700); Wei, Xiaoying (57961868800); Dong, Enzeng (8982251000); Sun, Zhe (57209204655); Du, Shengzhi (8918963700); Duan, Feng (24537140100)","36495629700; 57961868800; 8982251000; 57209204655; 8918963700; 24537140100","Hybrid mental tasks based human computer interface via integration of pronunciation and motor imagery","2022","https://www.scopus.com/inward/record.uri?eid=2-s2.0-85141660574&doi=10.1088%2F1741-2552%2Fac9a01&partnerID=40&md5=0afc0f1b6f9d64e7bbf9753136061814","Final"
"Kamousi B.; Amini A.N.; He B.","Kamousi, Baharan (8511950600); Amini, Ali Nasiri (55665878500); He, Bin (16400602300)","8511950600; 55665878500; 16400602300","Classification of motor imagery by means of cortical current density estimation and Von Neumann entropy","2007","https://www.scopus.com/inward/record.uri?eid=2-s2.0-34247204345&doi=10.1088%2F1741-2560%2F4%2F2%2F002&partnerID=40&md5=cb9e35dbe2a4c8ba245a8d0fadaee091","Final"
"Lemm S.; Schäfer C.; Curio G.","Lemm, Steven (6603148225); Schäfer, Christin (7102478486); Curio, Gabriel (7006032218)","6603148225; 7102478486; 7006032218","BCI Competition 2003 - Data set III: Modeling of sensorimotor μ rhythms for classification of imaginary hand movements","2004","https://www.scopus.com/inward/record.uri?eid=2-s2.0-2442667854&doi=10.1109%2FTBME.2004.827076&partnerID=40&md5=2e14b065aab0b90adbb398d6b8abe515","Final"
"Xu B.-G.; Song A.-G.; Fei S.-M.","Xu, Bao-Guo (57193838487); Song, Ai-Guo (7102693451); Fei, Shu-Min (7005943243)","57193838487; 7102693451; 7005943243","Feature extraction and classification of EEG in online brain-computer interface","2011","https://www.scopus.com/inward/record.uri?eid=2-s2.0-79959597235&partnerID=40&md5=13b261b9ce7a23af5fbec33237741f26","Final"
"Chen Z.; Liang Q.; Zhang B.","Chen, Zhangliang (57197731091); Liang, Qilian (57202252908); Zhang, Baoju (35751653900)","57197731091; 57202252908; 35751653900","Analysis of EEG signal evoked by passive movement and motor imagery","2018","https://www.scopus.com/inward/record.uri?eid=2-s2.0-85034228781&doi=10.1007%2F978-981-10-3229-5_89&partnerID=40&md5=8395be32eb04ed727906e5437ef46d0f","Final"
"Wang J.; Feng Z.; Lu N.; Luo J.","Wang, Jie (57202342965); Feng, Zuren (7403443368); Lu, Na (39161672600); Luo, Jing (57157879000)","57202342965; 7403443368; 39161672600; 57157879000","Toward optimal feature and time segment selection by divergence method for EEG signals classification","2018","https://www.scopus.com/inward/record.uri?eid=2-s2.0-85046708834&doi=10.1016%2Fj.compbiomed.2018.04.022&partnerID=40&md5=1bee913cf3688d145c44825195f4550e","Final"
"Xie Y.; Oniga S.","Xie, Yu (57224368996); Oniga, Stefan (24341788400)","57224368996; 24341788400","Enhancing Motor Imagery Classification in Brain–Computer Interfaces Using Deep Learning and Continuous Wavelet Transform","2024","https://www.scopus.com/inward/record.uri?eid=2-s2.0-85206345872&doi=10.3390%2Fapp14198828&partnerID=40&md5=6538852825e0f06c52c3c4246e56c475","Final"
"Zhang Y.; Zhang C.; Sun S.; Xu G.","Zhang, Yuxin (57212769055); Zhang, Chenrui (59669458400); Sun, Shihao (59167785700); Xu, Guizhi (16174871700)","57212769055; 59669458400; 59167785700; 16174871700","Research on motor imagery recognition based on feature fusion and transfer adaptive boosting","2025","https://www.scopus.com/inward/record.uri?eid=2-s2.0-86000000524&doi=10.7507%2F1001-5515.202304067&partnerID=40&md5=ac7efbc90d3a8cbbf65e9117a1b5c795","Final"
"Mahamune R.; Laskar S.H.","Mahamune, Rupesh (57212091751); Laskar, S.H. (55075744100)","57212091751; 55075744100","Feature Extraction Techniques for the Classification of Four-Class Motor Imagery Based EEG Data: A Comparison","2021","https://www.scopus.com/inward/record.uri?eid=2-s2.0-85113477894&doi=10.1007%2F978-981-16-5048-2_1&partnerID=40&md5=95a00594d081cdf68bd42f86932ef0f9","Final"
"Niu X.; Lu N.; Yan R.; Luo H.","Niu, Xu (57458012500); Lu, Na (39161672600); Yan, Ruofan (58027058500); Luo, Huan (57965627900)","57458012500; 39161672600; 58027058500; 57965627900","Model and Data Dual-Driven Double-Point Observation Network for Ultra-Short MI EEG Classification","2024","https://www.scopus.com/inward/record.uri?eid=2-s2.0-85190169587&doi=10.1109%2FJBHI.2024.3386565&partnerID=40&md5=29c385f326e9c9e0e4d5cca81be398a5","Final"
"Polak Mark; Kostov Aleksandar","Polak, Mark (7202562896); Kostov, Aleksandar (6603927764)","7202562896; 6603927764","Feature extraction in development of brain-computer interface: A case study","1998","https://www.scopus.com/inward/record.uri?eid=2-s2.0-0032258153&partnerID=40&md5=f93f1cf116b5017111c44992e2d30fee","Final"
"Belwafi K.; Ghaffari F.; Djemal R.; Romain O.","Belwafi, Kais (55209890300); Ghaffari, Fakhreddine (24779594100); Djemal, Ridha (55959113300); Romain, Olivier (7004279535)","55209890300; 24779594100; 55959113300; 7004279535","A Hardware/Software Prototype of EEG-based BCI System for Home Device Control","2017","https://www.scopus.com/inward/record.uri?eid=2-s2.0-84992709461&doi=10.1007%2Fs11265-016-1192-8&partnerID=40&md5=cd3873fe7170254711027b0c1f631d11","Final"
"Wang J.; Yao L.; Wang Y.","Wang, Jiaheng (58165597100); Yao, Lin (55760212200); Wang, Yueming (35231746900)","58165597100; 55760212200; 35231746900","Enhanced Online Continuous Brain-Control by Deep Learning-Based EEG Decoding","2025","https://www.scopus.com/inward/record.uri?eid=2-s2.0-105011539640&doi=10.1109%2FTNSRE.2025.3591254&partnerID=40&md5=1cb2c3c2d4fb4b72650c2972c00c151a","Final"
"Fagg A.H.; Ojakangas G.W.; Miller L.E.; Hatsopoulos N.G.","Fagg, Andrew H. (6701327445); Ojakangas, Gregory W. (36964280700); Miller, Lee E. (7404985503); Hatsopoulos, Nicholas G. (7003732147)","6701327445; 36964280700; 7404985503; 7003732147","Kinetic trajectory decoding using motor cortical ensembles","2009","https://www.scopus.com/inward/record.uri?eid=2-s2.0-67651035512&doi=10.1109%2FTNSRE.2009.2029313&partnerID=40&md5=3fb03eb0ebdf25e162388492dc00d1da","Final"
"Shin J.; Kwon J.; Im C.-H.","Shin, Jaeyoung (26031065700); Kwon, Jinuk (57198430574); Im, Chang-Hwan (7005671177)","26031065700; 57198430574; 7005671177","A ternary hybrid EEG-NIRS brain-computer interface for the classification of brain activation patterns during mental arithmetic, motor imagery, and idle state","2018","https://www.scopus.com/inward/record.uri?eid=2-s2.0-85043786763&doi=10.3389%2Ffninf.2018.00005&partnerID=40&md5=6902202654e1f4f72f9974af7254e26d","Final"
"Thomas K.P.; Guan C.; Tong L.C.; Prasad V.A.","Thomas, Kavitha P. (55227399700); Guan, Cuntai (7101632622); Tong, Lau Chiew (7401968617); Prasad, Vinod A. (6603804395)","55227399700; 7101632622; 7401968617; 6603804395","An adaptive filter bank for motor imagery based Brain Computer Interface","2008","https://www.scopus.com/inward/record.uri?eid=2-s2.0-61849160818&doi=10.1109%2Fiembs.2008.4649353&partnerID=40&md5=741da5b35e94e8bd7b762d5379c8d683","Final"
"Park C.; Looney D.; Ur Rehman N.; Ahrabian A.; Mandic D.P.","Park, Cheolsoo (35729107400); Looney, David (59023439200); Ur Rehman, Naveed (34969747100); Ahrabian, Alireza (55319379800); Mandic, Danilo P. (7006513328)","35729107400; 59023439200; 34969747100; 55319379800; 7006513328","Classification of motor imagery BCI using multivariate empirical mode decomposition","2013","https://www.scopus.com/inward/record.uri?eid=2-s2.0-84872165334&doi=10.1109%2FTNSRE.2012.2229296&partnerID=40&md5=60d38b07a6ddd72f72a29c436adbed0a","Final"
"Sherwani F.; Shanta S.; Ibrahim B.S.K.K.; Huq M.S.","Sherwani, F. (56618807100); Shanta, Shahnoor (54891929700); Ibrahim, B.S.K.K. (36165092800); Huq, M. Saiful (36187044400)","56618807100; 54891929700; 36165092800; 36187044400","Wavelet based feature extraction for classification of motor imagery signals","2016","https://www.scopus.com/inward/record.uri?eid=2-s2.0-85015636375&doi=10.1109%2FIECBES.2016.7843474&partnerID=40&md5=7e26f0870625c41083dca6097ee868e7","Final"
"Yang Y.; Chen Z.; Li W.; Ma Y.","Yang, Yuyao (59378378400); Chen, Zuowen (59378454700); Li, Weisu (58030006400); Ma, Yahong (55697404300)","59378378400; 59378454700; 58030006400; 55697404300","A Novel Classification Model Based on DWT and CNN-LSTM Motor EEG Imagination Signals","2024","https://www.scopus.com/inward/record.uri?eid=2-s2.0-85217225103&doi=10.1109%2FPRAI62207.2024.10827456&partnerID=40&md5=70879fb3774e9e571294b57259e9ca81","Final"
"Sakhavi S.; Guan C.; Yan S.","Sakhavi, Siavash (57039174000); Guan, Cuntai (7101632622); Yan, Shuicheng (11939875400)","57039174000; 7101632622; 11939875400","Learning Temporal Information for Brain-Computer Interface Using Convolutional Neural Networks","2018","https://www.scopus.com/inward/record.uri?eid=2-s2.0-85043469768&doi=10.1109%2FTNNLS.2018.2789927&partnerID=40&md5=37a667434b786d2f436e92be4dced459","Final"
"Liu R.; Zhang Z.; Duan F.; Zhou X.; Meng Z.","Liu, Rensong (56949401900); Zhang, Zhiwen (57193813131); Duan, Feng (24537140100); Zhou, Xin (57195488809); Meng, Zixuan (57195485118)","56949401900; 57193813131; 24537140100; 57195488809; 57195485118","Identification of Anisomerous Motor Imagery EEG Signals Based on Complex Algorithms","2017","https://www.scopus.com/inward/record.uri?eid=2-s2.0-85028409017&doi=10.1155%2F2017%2F2727856&partnerID=40&md5=8c8300c7f176028474e509a1789c4b0e","Final"
"","","","6th European Conference of the International Federation for Medical and Biological Engineering, MBEC 2014","2015","https://www.scopus.com/inward/record.uri?eid=2-s2.0-84937805344&partnerID=40&md5=08f43185cf2502a6acb0b6a11d0daf10","Final"
"Liu Y.; Li M.; Zhang H.; Wang H.; Li J.; Jia J.; Wu Y.; Zhang L.","Liu, Ye (55904679100); Li, Mingfen (55337216100); Zhang, Hao (57221294710); Wang, Hang (59650329500); Li, Junhua (36184673200); Jia, Jie (59157655800); Wu, Yi (7406889260); Zhang, Liqing (35235787300)","55904679100; 55337216100; 57221294710; 59650329500; 36184673200; 59157655800; 7406889260; 35235787300","A tensor-based scheme for stroke patients' motor imagery EEG analysis in BCI-FES rehabilitation training","2014","https://www.scopus.com/inward/record.uri?eid=2-s2.0-84890641290&doi=10.1016%2Fj.jneumeth.2013.11.009&partnerID=40&md5=f4526b0fbc232660441d33ccdee69fb3","Final"
"Zhang H.; Dai J.; Zhang S.; Wang Q.; Li Q.; Liu X.; Hao Y.; Yu Y.; Jiang K.; Liu J.; Zhu F.; Chen W.; Zheng X.","Zhang, Huaijian (57192490566); Dai, Jianhua (35268494700); Zhang, Shaomin (56025118600); Wang, Qingbo (56097726900); Li, Qian (57191696916); Liu, Xiaochun (55717007800); Hao, Yaoyao (27867623300); Yu, Yi (57197518712); Jiang, Kai (57210406551); Liu, Jun (56070380300); Zhu, Fan (57197057322); Chen, Weidong (57193346120); Zheng, Xiaoxiang (7404090904)","57192490566; 35268494700; 56025118600; 56097726900; 57191696916; 55717007800; 27867623300; 57197518712; 57210406551; 56070380300; 57197057322; 57193346120; 7404090904","Neural ensemble decoding of rat's motor cortex by Kalman filter and optimal linear estimation","2009","https://www.scopus.com/inward/record.uri?eid=2-s2.0-73849105318&doi=10.1109%2FCISP.2009.5304070&partnerID=40&md5=374ce221fff7f7858a8d9aa3c2cdcd4d","Final"
"Eltokhy M.A.R.; Idris S.; Gouda M.M.; Hamad H.; Hosny T.; El-Rifaie A.M.","Eltokhy, Mostafa A. R. (60431432600); Idris, Sohaila (60339247500); Gouda, Mohamed M. (57215744427); Hamad, Hisham (56490451300); Hosny, Tarek (57222478400); El-Rifaie, Ali M. (57212480792)","60431432600; 60339247500; 57215744427; 56490451300; 57222478400; 57212480792","Electroencephalogram Feature Extraction and Classification of Motor Imagery EEG Based on Machine Learning Algorithms","2025","https://www.scopus.com/inward/record.uri?eid=2-s2.0-105027918043&doi=10.18280%2Fmmep.121102&partnerID=40&md5=802674a1084d30bcb8a8c3e52f9aec3b","Final"
"Abdul Ameer Abbas A.; Martínez-García H.","Abdul Ameer Abbas, Ali (58319098000); Martínez-García, Herminio (33068063200)","58319098000; 33068063200","Real-Time Motor Imagery-Based Brain–Computer Interface System by Implementing a Frequency Band Selection","2023","https://www.scopus.com/inward/record.uri?eid=2-s2.0-85162268447&doi=10.1007%2Fs13369-023-08024-z&partnerID=40&md5=5673a308df462500b84d2e721aee8777","Final"
"Zhang S.; Lu Z.; Zhang B.; Zhang Y.; Liang Z.; Zhang L.; Li L.; Huang G.; Zhang Z.; Li Z.","Zhang, Shaorong (56036008800); Lu, Zhongwei (59538164900); Zhang, Benxin (55854277500); Zhang, Yong (60078973900); Liang, Zhen (57199805079); Zhang, Li (56392527800); Li, LinLing (57189597617); Huang, Gan (36022404600); Zhang, Zhiguo (55545459000); Li, Zhi (56925892200)","56036008800; 59538164900; 55854277500; 60078973900; 57199805079; 56392527800; 57189597617; 36022404600; 55545459000; 56925892200","Graph-based feature learning methods for subject-dependent and subject-independent motor imagery EEG decoding","2025","https://www.scopus.com/inward/record.uri?eid=2-s2.0-105014618738&doi=10.1007%2Fs11571-025-10291-5&partnerID=40&md5=880a0be8c090fc30e844adb9695937de","Final"
"Guger C.; Schlögl A.; Neuper C.; Walterspacher D.; Strain T.; Pfurtscheller G.","Guger, Christoph (55903211100); Schlögl, Alois (56962770500); Neuper, Christa (7003841177); Walterspacher, Dirk (6506606243); Strain, Thomas (58038721700); Pfurtscheller, Gert (7103106088)","55903211100; 56962770500; 7003841177; 6506606243; 58038721700; 7103106088","Rapid prototyping of an EEG-based brain-computer interface (BCI)","2001","https://www.scopus.com/inward/record.uri?eid=2-s2.0-0034906326&doi=10.1109%2F7333.918276&partnerID=40&md5=472583ee7406199e94f11c0b4cf5101a","Final"
"Song Y.; Sepulveda F.","Song, Youngjae (56470020400); Sepulveda, Francisco (35332649300)","56470020400; 35332649300","Comparison between covert sound-production task (sound-imagery) vs. motor-imagery for onset detection in real-life online self-paced BCIs","2020","https://www.scopus.com/inward/record.uri?eid=2-s2.0-85079081898&doi=10.1186%2Fs12984-020-0651-4&partnerID=40&md5=15bea1ecc9db629f1af8dcdbdcd0a78a","Final"
"Xie S.; Duan X.; Feng H.; Meng Y.; Chen G.","Xie, Songyun (55750967300); Duan, Xu (57189326836); Feng, Huaibei (57193697139); Meng, Ya (57199856030); Chen, Gang (57193688285)","55750967300; 57189326836; 57193697139; 57199856030; 57193688285","Robot control system using a mental task-based brain computer interface","2017","https://www.scopus.com/inward/record.uri?eid=2-s2.0-85015843772&partnerID=40&md5=125fc5d4dcc0d07c658ca09023618f09","Final"
"Zhou Q.; Ye X.; Li S.; Du Q.; Ke L.","Zhou, QiaoLi (35225400800); Ye, XiYuan (59341347300); Li, ShuRui (58662941500); Du, Qiang (36677242800); Ke, Li (24741155100)","35225400800; 59341347300; 58662941500; 36677242800; 24741155100","CD3Net: A Contrastive Diffusion Model with Domain Adaptive Data Synthetic Network for Motor Imagery and Emotion classification","2025","https://www.scopus.com/inward/record.uri?eid=2-s2.0-105003938717&doi=10.1016%2Fj.bspc.2025.107799&partnerID=40&md5=6f2400a1e1aec9beb5a2b2f808613670","Final"
"Schlögl A.; Lee F.; Bischof H.; Pfurtscheller G.","Schlögl, Alois (56962770500); Lee, Felix (23091500500); Bischof, Horst (7006213017); Pfurtscheller, Gert (7103106088)","56962770500; 23091500500; 7006213017; 7103106088","Characterization of four-class motor imagery EEG data for the BCI-competition 2005","2005","https://www.scopus.com/inward/record.uri?eid=2-s2.0-28444495950&doi=10.1088%2F1741-2560%2F2%2F4%2FL02&partnerID=40&md5=581f3a29569736207b7183befc5953ee","Final"
"Zou L.; Wang X.; Shi G.; Ma Z.","Zou, Ling (16745400800); Wang, Xinguang (35206737600); Shi, Guodong (57199731930); Ma, Zhenghua (36069468800)","16745400800; 35206737600; 57199731930; 36069468800","EEG feature extraction and pattern classification based on motor imagery in brain-computer interface","2010","https://www.scopus.com/inward/record.uri?eid=2-s2.0-78649875978&doi=10.1109%2FCOGINF.2010.5599682&partnerID=40&md5=8c63a3fc1edd67cc4984da6aafae3ba1","Final"
"Lu N.; Li T.; Ren X.; Miao H.","Lu, Na (39161672600); Li, Tengfei (56532771100); Ren, Xiaodong (56039808100); Miao, Hongyu (8979782400)","39161672600; 56532771100; 56039808100; 8979782400","A Deep Learning Scheme for Motor Imagery Classification based on Restricted Boltzmann Machines","2017","https://www.scopus.com/inward/record.uri?eid=2-s2.0-85021307758&doi=10.1109%2FTNSRE.2016.2601240&partnerID=40&md5=e2df49f82e6e47af5a098c894b8149f9","Final"
"Sun L.; Feng Z.R.","Sun, Lei (55628530963); Feng, Zu Ren (7403443368)","55628530963; 7403443368","Classification of imagery motor EEG data with wavelet denoising and features selection","2016","https://www.scopus.com/inward/record.uri?eid=2-s2.0-85007007046&doi=10.1109%2FICWAPR.2016.7731641&partnerID=40&md5=0445e99e1b9ade0349f567ddcd6a179c","Final"
"Yong X.; Menon C.","Yong, Xinyi (56587563700); Menon, Carlo (23989261600)","56587563700; 23989261600","EEG classification of different imaginary movements within the same limb","2015","https://www.scopus.com/inward/record.uri?eid=2-s2.0-84927145464&doi=10.1371%2Fjournal.pone.0121896&partnerID=40&md5=7edf3b750b9a9e05a1c4d4c618ab1225","Final"
"Mutasim A.K.; Tipu R.S.; Bashar M.R.; Islam M.K.; Amin M.A.","Mutasim, Aunnoy K. (57192664326); Tipu, Rayhan Sardar (57194716938); Bashar, M. Raihanul (57213289907); Islam, Md. Kafiul (57220499776); Amin, M. Ashraful (56779456900)","57192664326; 57194716938; 57213289907; 57220499776; 56779456900","Computational intelligence for pattern recognition in EEG signals","2018","https://www.scopus.com/inward/record.uri?eid=2-s2.0-85046354805&doi=10.1007%2F978-3-319-89629-8_11&partnerID=40&md5=b3db9b8da44e3860bac8203e73d197e2","Final"
"Du Y.; Xu R.; Zhang J.","Du, Yixin (57796244800); Xu, Runtian (57796244900); Zhang, Jiting (57796425900)","57796244800; 57796244900; 57796425900","Motor Imagery Analysis Based on Filter Bank Common Spatial Pattern","2021","https://www.scopus.com/inward/record.uri?eid=2-s2.0-85133963907&doi=10.1109%2FICAICE54393.2021.00130&partnerID=40&md5=0be14af9dcbc961c5576f811da051732","Final"
"Jaipriya D.; Sriharipriya K.C.","Jaipriya, D. (57969016500); Sriharipriya, K.C. (56340719900)","57969016500; 56340719900","Parallel convolutional neural network and empirical mode decomposition for high accuracy in motor imagery EEG signal classification","2025","https://www.scopus.com/inward/record.uri?eid=2-s2.0-85215258271&doi=10.1371%2Fjournal.pone.0311942&partnerID=40&md5=a2bdebb18d60f9e7104593f240d9e2ed","Final"
"Leong W.Y.","Leong, Wai Yie (56185056100)","56185056100","EEG signal processing: Feature extraction, selection and classification methods","2019","https://www.scopus.com/inward/record.uri?eid=2-s2.0-85115111555&doi=10.1049%2FPBHE016E&partnerID=40&md5=ed8ad553464b08f8c958d94b04064cb5","Final"
"Tariq M.; Trivailo P.M.; Simic M.","Tariq, Madiha (57209112945); Trivailo, Pavel M. (6602341124); Simic, Milan (35215976200)","57209112945; 6602341124; 35215976200","Classification of left and right foot kinaesthetic motor imagery using common spatial pattern","2020","https://www.scopus.com/inward/record.uri?eid=2-s2.0-85081693619&doi=10.1088%2F2057-1976%2Fab54ad&partnerID=40&md5=7ffe97926a8f0d42d8feefcab803c56e","Final"
"Kong W.; Guo X.; Zhao X.; Wei D.; Hu S.; Dai G.; Vecchiato G.; Babiloni F.","Kong, Wanzeng (12804023400); Guo, Xinwei (55264107600); Zhao, Xinxin (55370139100); Wei, Daming (56255255900); Hu, Sanqing (7404287101); Dai, Guojun (7202576846); Vecchiato, Giovanni (30567911800); Babiloni, Fabio (7006787992)","12804023400; 55264107600; 55370139100; 56255255900; 7404287101; 7202576846; 30567911800; 7006787992","Spectral analysis of brain function network for the classification of motor imagery tasks","2011","https://www.scopus.com/inward/record.uri?eid=2-s2.0-84862971136&doi=10.1109%2FBMEI.2011.6098491&partnerID=40&md5=350faddfe0ee2e51dbd5fed2be59660d","Final"
"Ponferrada E.G.; Sylaidi A.; Aldo Faisal A.","Ponferrada, Eduardo G. (57205195713); Sylaidi, Anastasia (56411911700); Aldo Faisal, A. (6602900233)","57205195713; 56411911700; 6602900233","Data-efficient motor imagery decoding in real-time for the cybathlon brain-computer interface race","2018","https://www.scopus.com/inward/record.uri?eid=2-s2.0-85059034615&doi=10.5220%2F0006962400210032&partnerID=40&md5=70c725f722593263af1c444ed1ce8f83","Final"
"Chin Z.Y.; Ang K.K.; Guan C.","Chin, Zheng Yang (57522226700); Ang, Kai Keng (7101647298); Guan, Cuntai (7101632622)","57522226700; 7101647298; 7101632622","Multiclass voluntary facial expression classification based on Filter Bank Common Spatial Pattern","2008","https://www.scopus.com/inward/record.uri?eid=2-s2.0-61849126686&doi=10.1109%2Fiembs.2008.4649325&partnerID=40&md5=0affe2f96734e703ebf99686b7e0b0d6","Final"
"García-Murillo D.G.; Cárdenas-Peña D.; Castellanos-Dominguez G.","García-Murillo, Daniel G. (57195313855); Cárdenas-Peña, David (55347702600); Castellanos-Dominguez, Germán (25640642900)","57195313855; 55347702600; 25640642900","Relevance of filter bank common spatial patterns using multiple kernel learning in motor imagery","2018","https://www.scopus.com/inward/record.uri?eid=2-s2.0-85057224483&doi=10.1007%2F978-3-030-01132-1_24&partnerID=40&md5=6e59d07e3fe31a88cc6678eae2ef94fa","Final"
"Xu B.; Song A.; Wang A.","Xu, Baoguo (57193838487); Song, Aiguo (7102693451); Wang, Aimin (57192417267)","57193838487; 7102693451; 57192417267","EEG feature extraction method based on wavelet packet energy","2010","https://www.scopus.com/inward/record.uri?eid=2-s2.0-78650958016&doi=10.3969%2Fj.issn.1001-0505.2010.06.014&partnerID=40&md5=ae62c84d62d8a6339bb8cbd8748447c7","Final"
"Jiang Q.; Zhang Y.; Ge G.; Xie Z.","Jiang, Qin (55866792500); Zhang, Yi (55912101500); Ge, Gengyu (57203481484); Xie, Zhirong (57218990877)","55866792500; 55912101500; 57203481484; 57218990877","An Adaptive CSP and Clustering Classification for Online Motor Imagery EEG","2020","https://www.scopus.com/inward/record.uri?eid=2-s2.0-85090975045&doi=10.1109%2FACCESS.2020.3016700&partnerID=40&md5=f23f0577de2943e78cd305aa90687a64","Final"
"Xu B.; Song A.; Fei S.","Xu, Baoguo (57193838487); Song, Aiguo (7102693451); Fei, Shumin (7005943243)","57193838487; 7102693451; 7005943243","Pattern recognition method of motor imagery tasks","2011","https://www.scopus.com/inward/record.uri?eid=2-s2.0-79953095441&partnerID=40&md5=0866fed9e7bee65dbb3b5c535f0b51e5","Final"
"Thomas K.P.; Lau C.T.; Vinod A.P.; Guan C.; Ang K.K.","Thomas, Kavitha P. (55227399700); Lau, Chiew Tong (57908399400); Vinod, A.P. (6603804395); Guan, Cuntai (7101632622); Ang, Kai Keng (7101647298)","55227399700; 57908399400; 6603804395; 7101632622; 7101647298","A New Discriminative Common Spatial Pattern Method for Motor Imagery Brain—Computer Interfaces","2009","https://www.scopus.com/inward/record.uri?eid=2-s2.0-74049086820&doi=10.1109%2FTBME.2009.2026181&partnerID=40&md5=be648843c488f10a79e42bbf7c5acd2e","Final"
"Zhou Y.; He Q.-h.; Jiao X.-b.","Zhou, Ya (52165047600); He, Qing-hua (57190312899); Jiao, Xiao-bo (52163619200)","52165047600; 57190312899; 52163619200","A system of motor imaging brain-computer interface based on labVIEW","2011","https://www.scopus.com/inward/record.uri?eid=2-s2.0-84864794429&doi=10.3969%2Fj.issn.1673-8225.2011.39.035&partnerID=40&md5=419a9910375934f537bfa82cd725172e","Final"
"Luo J.; Wang J.; Xu R.; Xu K.","Luo, Jing (57157879000); Wang, Jie (57202342965); Xu, Rong (57208926981); Xu, Kailiang (55466321200)","57157879000; 57202342965; 57208926981; 55466321200","Class discrepancy-guided sub-band filter-based common spatial pattern for motor imagery classification","2019","https://www.scopus.com/inward/record.uri?eid=2-s2.0-85066127764&doi=10.1016%2Fj.jneumeth.2019.05.011&partnerID=40&md5=fcfdb55f759956051a5fd3d2679b3849","Final"
"Yamaguchi T.; Fujio M.; Inoue K.; Pfurtscheller G.","Yamaguchi, Tomonari (24923674500); Fujio, Mitsuhiko (15060115200); Inoue, Katsuhiro (55586657100); Pfurtscheller, Gert (7103106088)","24923674500; 15060115200; 55586657100; 7103106088","Wavelet analysis of EEG signals during motor imagery","2008","https://www.scopus.com/inward/record.uri?eid=2-s2.0-56749184882&doi=10.1109%2FICWAPR.2008.4635822&partnerID=40&md5=a3dba8361d8918441e989ccb7216275f","Final"
"Huang T.; Luo Z.; Lyu Y.","Huang, Tianliang (58652018900); Luo, Ziyue (58650424900); Lyu, Yin (57206723186)","58652018900; 58650424900; 57206723186","A2FWPO: Anti-aliasing Filter Based on Whale Parameter Optimization Method for Feature Extraction and Recognition of Dance Motor Imagery EEG","2023","https://www.scopus.com/inward/record.uri?eid=2-s2.0-85174230305&doi=10.2298%2FCSIS221222033H&partnerID=40&md5=553c291a151ff6fe92f7918b2c580acb","Final"
"Kumar R.; Sahu M.; Mohdiwale S.","Kumar, Rahul (60392426200); Sahu, Mridu (56500146900); Mohdiwale, Samrudhi (57202238336)","60392426200; 56500146900; 57202238336","Two Class Motor Imagery Classification Based on ANFIS","2020","https://www.scopus.com/inward/record.uri?eid=2-s2.0-85085481271&doi=10.1007%2F978-981-15-1420-3_75&partnerID=40&md5=af38da6dbeaedddb608059667067c972","Final"
"Miao M.; Wang A.; Zhao C.; Liu F.","Miao, Minmin (57192816170); Wang, Aimin (57192417267); Zhao, Changsen (57192805693); Liu, Feixiang (57192804106)","57192816170; 57192417267; 57192805693; 57192804106","EEG pattern recognition based on dual-tree complex wavelet transform and particle swarm optimization","2016","https://www.scopus.com/inward/record.uri?eid=2-s2.0-85010064679&doi=10.1109%2FICSensT.2016.7796311&partnerID=40&md5=5a1556b473ad05f83cd5cfc1e32d78ea","Final"
"Tavakolan M.; Yong X.; Zhang X.; Menon C.","Tavakolan, Mojgan (51162043200); Yong, Xinyi (56587563700); Zhang, Xin (56591076800); Menon, Carlo (23989261600)","51162043200; 56587563700; 56591076800; 23989261600","Classification scheme for arm motor imagery","2016","https://www.scopus.com/inward/record.uri?eid=2-s2.0-84960925989&doi=10.1007%2Fs40846-016-0102-7&partnerID=40&md5=d41e67de4620ffddec93c3c9552724e3","Final"
"Lu N.; Li T.; Pan J.; Ren X.; Feng Z.; Miao H.","Lu, Na (39161672600); Li, Tengfei (56532771100); Pan, Jinjin (56532863300); Ren, Xiaodong (56039808100); Feng, Zuren (7403443368); Miao, Hongyu (8979782400)","39161672600; 56532771100; 56532863300; 56039808100; 7403443368; 8979782400","Structure constrained semi-nonnegative matrix factorization for EEG-based motor imagery classification","2015","https://www.scopus.com/inward/record.uri?eid=2-s2.0-84923910884&doi=10.1016%2Fj.compbiomed.2015.02.010&partnerID=40&md5=defa61c7dd51d33ca9c902c45c0cf56e","Final"
"Albahri A.S.; Hamid R.A.; Alqaysi M.E.; Al-Qaysi Z.T.; Albahri O.S.; Alamoodi A.H.; Homod R.Z.; Deveci M.; Sharaf I.M.","Albahri, A.S. (57201009814); Hamid, Rula A. (57216614154); Alqaysi, M.E. (57796421300); Al-Qaysi, Z.T. (57202647402); Albahri, O.S. (57201013684); Alamoodi, A.H. (57205435311); Homod, Raad Z. (36994633500); Deveci, Muhammet (55734383000); Sharaf, Iman Mohamad (17435789800)","57201009814; 57216614154; 57796421300; 57202647402; 57201013684; 57205435311; 36994633500; 55734383000; 17435789800","Trust and explainability in robotic hand control via adversarial multiple machine learning models with EEG sensor data fusion: A fuzzy decision-making solution","2025","https://www.scopus.com/inward/record.uri?eid=2-s2.0-105012740648&doi=10.1016%2Fj.compbiomed.2025.110922&partnerID=40&md5=7f10a690b248b6dcd038d9563ac64470","Final"
"Jaipriya D.; Sriharipriya K.C.","Jaipriya, D. (57969016500); Sriharipriya, K.C. (56340719900)","57969016500; 56340719900","A comparative analysis of masking empirical mode decomposition and a neural network with feed-forward and back propagation along with masking empirical mode decomposition to improve the classification performance for a reliable brain-computer interface","2022","https://www.scopus.com/inward/record.uri?eid=2-s2.0-85142169415&doi=10.3389%2Ffncom.2022.1010770&partnerID=40&md5=93e971bca0a6f1d16275f32bae443c73","Final"
"Miao M.; Wang A.; Zeng H.","Miao, Minmin (57192816170); Wang, Aimin (57192417267); Zeng, Hong (7401472202)","57192816170; 57192417267; 7401472202","Designing robust spatial filter for motor imagery electroencephalography signal classification in brain-computer interface systems","2017","https://www.scopus.com/inward/record.uri?eid=2-s2.0-85034222455&doi=10.3233%2F978-1-61499-828-0-189&partnerID=40&md5=3c78908bf81935b2b6ccddca0916d795","Final"
"Ai Q.; Zhao M.; Chen K.; Zhao X.; Ma L.; Liu Q.","Ai, Qingsong (37048599100); Zhao, Mengyuan (58882196300); Chen, Kun (55683530100); Zhao, Xuefei (57223833453); Ma, Li (57194553395); Liu, Quan (55577742400)","37048599100; 58882196300; 55683530100; 57223833453; 57194553395; 55577742400","Flexible coding scheme for robotic arm control driven by motor imagery decoding","2022","https://www.scopus.com/inward/record.uri?eid=2-s2.0-85137746093&doi=10.1088%2F1741-2552%2Fac84a9&partnerID=40&md5=b3fb7e29ff43e2a45bf1493c6f59136e","Final"
"Xu S.; Zhu L.; Kong W.; Peng Y.; Hu H.; Cao J.","Xu, Senwei (57273827600); Zhu, Li (57206724818); Kong, Wanzeng (12804023400); Peng, Yong (56647218000); Hu, Hua (57193215286); Cao, Jianting (7403354501)","57273827600; 57206724818; 12804023400; 56647218000; 57193215286; 7403354501","A novel classification method for EEG-based motor imagery with narrow band spatial filters and deep convolutional neural network","2022","https://www.scopus.com/inward/record.uri?eid=2-s2.0-85115784186&doi=10.1007%2Fs11571-021-09721-x&partnerID=40&md5=5adf5b0679b171a231af1b9dc87578df","Final"
"Xu B.; Zhang L.; Song A.; Wu C.; Li W.; Zhang D.; Xu G.; Li H.; Zeng H.","Xu, Baoguo (57193838487); Zhang, Linlin (59815234200); Song, Aiguo (7102693451); Wu, Changcheng (60253758400); Li, Wenlong (57205196882); Zhang, Dalin (57224135066); Xu, Guozheng (55671571200); Li, Huijun (36468482700); Zeng, Hong (7401472202)","57193838487; 59815234200; 7102693451; 60253758400; 57205196882; 57224135066; 55671571200; 36468482700; 7401472202","Wavelet Transform Time-Frequency Image and Convolutional Network-Based Motor Imagery EEG Classification","2019","https://www.scopus.com/inward/record.uri?eid=2-s2.0-85059042346&doi=10.1109%2FACCESS.2018.2889093&partnerID=40&md5=1b60b492606dbbc56fcb52ccfa04f56b","Final"
"Acharya S.; Mollazadeh M.; Murari K.; Thakor N.","Acharya, Soumyadipta (15065194200); Mollazadeh, Mohsen (16175769700); Murari, Kartikeya (57206150215); Thakor, Nitish (7102105011)","15065194200; 16175769700; 57206150215; 7102105011","Spatiotemporal source tuning filter bank for multiclass EEG based brain computer interfaces","2006","https://www.scopus.com/inward/record.uri?eid=2-s2.0-34047095445&doi=10.1109%2FIEMBS.2006.259436&partnerID=40&md5=e60fa6670e466a99bc221f468f2f40de","Final"
"Vidaurre C.; Schlögl A.; Cabeza R.; Scherer R.; Pfurtscheller G.","Vidaurre, C. (56948245500); Schlögl, A. (56962770500); Cabeza, R. (36763933900); Scherer, R. (7102003106); Pfurtscheller, G. (7103106088)","56948245500; 56962770500; 36763933900; 7102003106; 7103106088","Study of on-line adaptive discriminant analysis for EEG-based brain computer interfaces","2007","https://www.scopus.com/inward/record.uri?eid=2-s2.0-33847765418&doi=10.1109%2FTBME.2006.888836&partnerID=40&md5=adaf0c67de63ca1e25ae45b9c0a66ee2","Final"
"Chacon-Murguia M.I.; Rivas-Posada E.","Chacon-Murguia, Mario I. (55511394800); Rivas-Posada, Eduardo (57219555489)","55511394800; 57219555489","A CNN-based modular classification scheme for motor imagery using a novel EEG sampling protocol suitable for IoT healthcare systems","2023","https://www.scopus.com/inward/record.uri?eid=2-s2.0-85122408838&doi=10.1007%2Fs00521-021-06716-x&partnerID=40&md5=344d811f71cc66653f22367188d35c92","Final"
"Qin L.; He B.","Qin, Lei (58451779900); He, Bin (16400602300)","58451779900; 16400602300","A wavelet-based time-frequency analysis approach for classification of motor imagery for brain-computer interface applications","2005","https://www.scopus.com/inward/record.uri?eid=2-s2.0-28444442730&doi=10.1088%2F1741-2560%2F2%2F4%2F001&partnerID=40&md5=da1672d04f9e2b2c39048161e0474c88","Final"
"Zou L.; Wang X.; Shi G.; Ma Z.","Zou, Ling (16745400800); Wang, Xinguang (35206737600); Shi, Guodong (60088764000); Ma, Zhenghua (60088799700)","16745400800; 35206737600; 60088764000; 60088799700","EEG Feature Extraction and Pattern Classification Based on Motor Imagery in Brain Computer Interface","2012","https://www.scopus.com/inward/record.uri?eid=2-s2.0-105015280613&doi=10.4018%2F978-1-4666-2651-5.ch005&partnerID=40&md5=183b830f576866d4dc68e6dab13207a0","Final"
"Chandrakant N.","Chandrakant, N. (57188756877)","57188756877","Administrating MANETs via brain computer interface","2014","https://www.scopus.com/inward/record.uri?eid=2-s2.0-84927761504&doi=10.1007%2F978-81-322-1771-8_23&partnerID=40&md5=ee4f3a4a4721f7e3c4a1e9f14fc8f8f9","Final"
"Aydemir O.; Kayikcioglu T.","Aydemir, Onder (35114449600); Kayikcioglu, Temel (6603390413)","35114449600; 6603390413","Wavelet transform based classification of invasive brain computer interface data","2011","https://www.scopus.com/inward/record.uri?eid=2-s2.0-79955964893&partnerID=40&md5=84a583706e324bf69be1dbcae14b89f2","Final"
"Avilés-Cruz C.; Villegas-Cortez J.; Ferreyra-Ramírez A.; Zúnuñiga López A.","Avilés-Cruz, Carlos (7801356468); Villegas-Cortez, Juan (56013564900); Ferreyra-Ramírez, Andrés (8706594300); Zúnuñiga López, Arturo (56487864500)","7801356468; 56013564900; 8706594300; 56487864500","EEG pattern recognition: An efficient improvement combination of ERD/ERS/Laterality features to create a self-paced BCI system","2016","https://www.scopus.com/inward/record.uri?eid=2-s2.0-84977574520&doi=10.1007%2F978-3-319-39393-3_23&partnerID=40&md5=525b3872e35154b922f764ce53961fa5","Final"
"Duan L.; Hongxin Z.; Khan M.S.; Fang M.","Duan, Li (57203518510); Hongxin, Zhang (23985183100); Khan, Muhammad Saad (56963037500); Fang, Mi (57195758921)","57203518510; 23985183100; 56963037500; 57195758921","Recognition of motor imagery tasks for BCI using CSP and chaotic PSO twin SVM","2017","https://www.scopus.com/inward/record.uri?eid=2-s2.0-85029764355&doi=10.1016%2FS1005-8885%2817%2960215-2&partnerID=40&md5=e30c992f182674ba997e3a68c1de8e96","Final"
"Huang D.; Lin P.; Fei D.-Y.; Chen X.; Bai O.","Huang, Dandan (55238639500); Lin, Peter (14630660400); Fei, Ding-Yu (7006186421); Chen, Xuedong (35274335100); Bai, Ou (57205912472)","55238639500; 14630660400; 7006186421; 35274335100; 57205912472","EEG-based online two-dimensional cursor control","2009","https://www.scopus.com/inward/record.uri?eid=2-s2.0-77951002498&doi=10.1109%2FIEMBS.2009.5332722&partnerID=40&md5=53d3ad67ea0cd67152d1b18c88262357","Final"
"Liu C.; Wang H.; Pu H.; Zhang Y.; Zou L.","Liu, Cheng (55902671900); Wang, Hailing (57215109078); Pu, Hui (55339113500); Zhang, Yi (55739863700); Zou, Ling (16745400800)","55902671900; 57215109078; 55339113500; 55739863700; 16745400800","EEG feature extraction and pattern recognition during right and left hands motor imagery in brain-computer interface","2012","https://www.scopus.com/inward/record.uri?eid=2-s2.0-84886380661&doi=10.1109%2FBMEI.2012.6513023&partnerID=40&md5=a4c2424f69fd0ead3898589d777ed531","Final"
"López-Montes C.; Cárdenas-Peña D.; Castellanos-Dominguez G.","López-Montes, Camilo (57204806427); Cárdenas-Peña, David (55347702600); Castellanos-Dominguez, G. (25640642900)","57204806427; 55347702600; 25640642900","Supervised Relevance Analysis for Multiple Stein Kernels for Spatio-Spectral Component Selection in BCI Discrimination Tasks","2019","https://www.scopus.com/inward/record.uri?eid=2-s2.0-85075671177&doi=10.1007%2F978-3-030-33904-3_58&partnerID=40&md5=d2775ba1da9a475ad7b9079f7c2a0f5e","Final"
"Tsui C.S.L.; Gan J.Q.; Roberts S.J.","Tsui, Chun Sing Louis (23391140800); Gan, John Q. (7102366815); Roberts, Stephen J. (57203276441)","23391140800; 7102366815; 57203276441","A self-paced brain - Computer interface for controlling a robot simulator: An online event labelling paradigm and an extended Kalman filter based algorithm for online training","2009","https://www.scopus.com/inward/record.uri?eid=2-s2.0-62149104029&doi=10.1007%2Fs11517-009-0459-7&partnerID=40&md5=21e58b2f05682652dbc04f424a23054f","Final"
"Muthong S.; Vateekul P.; Sriyudthsak M.","Muthong, Sitthiphong (57189235999); Vateekul, Peerapon (24829867400); Sriyudthsak, Mana (6603254805)","57189235999; 24829867400; 6603254805","An adjustment strategy on multi-session EEG data for online left/right hand imagery classification","2016","https://www.scopus.com/inward/record.uri?eid=2-s2.0-84966632310&doi=10.1109%2FKST.2016.7440528&partnerID=40&md5=b5ccb5631029a98802e5bf25294b00ff","Final"
"Ganeshkumar M.; Ang K.K.; So R.Q.","Ganeshkumar, M. (58423625400); Ang, Kai Keng (7101647298); So, Rosa Q. (43061747600)","58423625400; 7101647298; 43061747600","Reject option to reduce false prediction rates for EEG-motor imagery based BCI","2017","https://www.scopus.com/inward/record.uri?eid=2-s2.0-85032214478&doi=10.1109%2FEMBC.2017.8037479&partnerID=40&md5=5b5108537f954e2c8075e9dff968b424","Final"
"Göksu F.; Ince N.F.; Tadipatri V.A.; Tewfik A.H.","Göksu, Fikri (26321514200); Ince, Nuri Firat (13608128800); Tadipatri, Vijay Aditya (26322069100); Tewfik, Ahmed H. (7005761262)","26321514200; 13608128800; 26322069100; 7005761262","Classification of EEG with structural feature dictionaries in a brain computer interface","2008","https://www.scopus.com/inward/record.uri?eid=2-s2.0-61849150935&doi=10.1109%2Fiembs.2008.4649324&partnerID=40&md5=5292046868a2f9979b563919555543ee","Final"
"Li B.; Yang B.; Guan C.; Hu C.","Li, Bo (57207865173); Yang, Banghua (23391052600); Guan, Cuntai (7101632622); Hu, Chenxiao (57201214185)","57207865173; 23391052600; 7101632622; 57201214185","Three-class Motor Imagery Classification Based on FBCSP Combined with Voting Mechanism","2019","https://www.scopus.com/inward/record.uri?eid=2-s2.0-85084653296&doi=10.1109%2FCIVEMSA45640.2019.9071618&partnerID=40&md5=0ecfdf3e9c4423d4886343e8552a4081","Final"
"Chaudhary P.; Agrawal R.","Chaudhary, Poonam (57214726951); Agrawal, Rashmi (55791754000)","57214726951; 55791754000","Sensory motor imagery EEG classification based on non-dyadic wavelets using dynamic weighted majority ensemble classification","2021","https://www.scopus.com/inward/record.uri?eid=2-s2.0-85103632482&doi=10.3233%2FIDT-200005&partnerID=40&md5=7cf7455f63418cd7f2ed8434aa7403fe","Final"
"Zhang H.; Chin Z.Y.; Ang K.K.; Guan C.; Wang C.","Zhang, Haihong (15623948900); Chin, Zheng Yang (57522226700); Ang, Kai Keng (7101647298); Guan, Cuntai (7101632622); Wang, Chuanchu (15844435200)","15623948900; 57522226700; 7101647298; 7101632622; 15844435200","Optimum spatio-spectral filtering network for brain-computer interface","2011","https://www.scopus.com/inward/record.uri?eid=2-s2.0-78651271654&doi=10.1109%2FTNN.2010.2084099&partnerID=40&md5=6e3c3ec6c665c8e370739fc9581cdefd","Final"
"Zhang M.; Huang J.; Ni S.","Zhang, Meng (57194181916); Huang, Jinfeng (58737428100); Ni, Shoudong (23088918800)","57194181916; 58737428100; 23088918800","Recognition of motor intentions from EEGs of the same upper limb by signal traceability and Riemannian geometry features","2023","https://www.scopus.com/inward/record.uri?eid=2-s2.0-85176392088&doi=10.3389%2Ffnins.2023.1270785&partnerID=40&md5=b7dbcc477888544dc11fc788d0f24806","Final"
"Riascos-Salas J.A.; Villota H.; Molinas M.","Riascos-Salas, Jaime A. (58640826400); Villota, Hernán (57210448594); Molinas, Marta (55604543200)","58640826400; 57210448594; 55604543200","Beyond Full Electrode Arrays: Optimizing Channel Selection for Motor Imagery BCIs via Individual Channel Classifiers and Ensembles","2026","https://www.scopus.com/inward/record.uri?eid=2-s2.0-105029021988&doi=10.1007%2F978-3-032-14664-9_9&partnerID=40&md5=b074fd9cd9f45d348a07494d6ed11d50","Final"
"Aghaei A.S.; Mahanta M.S.; Plataniotis K.N.","Aghaei, Amirhossein S. (24778197400); Mahanta, Mohammad Shahin (36608453800); Plataniotis, Konstantinos N. (35510256100)","24778197400; 36608453800; 35510256100","Separable common spatio-spectral patterns for motor imagery BCI systems","2016","https://www.scopus.com/inward/record.uri?eid=2-s2.0-84959253820&doi=10.1109%2FTBME.2015.2487738&partnerID=40&md5=1ebde65334846006d9273002f2829c2f","Final"
"Delisle-Rodriguez D.; Cardoso V.; Gurve D.; Loterio F.; Alejandra Romero-Laiseca M.; Krishnan S.; Bastos-Filho T.","Delisle-Rodriguez, Denis (55580593600); Cardoso, Vivianne (57188933157); Gurve, Dharmendra (57188723786); Loterio, Flavia (56342015100); Alejandra Romero-Laiseca, Maria (57201332959); Krishnan, Sridhar (35611132500); Bastos-Filho, Teodiano (6602380721)","55580593600; 57188933157; 57188723786; 56342015100; 57201332959; 35611132500; 6602380721","System based on subject-specific bands to recognize pedaling motor imagery: Towards a BCI for lower-limb rehabilitation","2019","https://www.scopus.com/inward/record.uri?eid=2-s2.0-85070298257&doi=10.1088%2F1741-2552%2Fab08c8&partnerID=40&md5=0940cdd620c14a57b63e6dddc07ea115","Final"
"Qiao J.; Hu P.; Hong J.","Qiao, Jing (56507914400); Hu, Pengju (56507859000); Hong, Jie (56507719900)","56507914400; 56507859000; 56507719900","[Research of classification about BCI based on the signals energy]","2014","https://www.scopus.com/inward/record.uri?eid=2-s2.0-84922394338&partnerID=40&md5=c7b4ff489e7a671b36fd4340fe270874","Final"
"Zhu Z.; Liu F.; Mu S.; Tao K.","Zhu, Zimeng (59532899700); Liu, Fei (57383315800); Mu, Siqi (57201546747); Tao, Kuan (57193164229)","59532899700; 57383315800; 57201546747; 57193164229","Adaptive spiking convolutional network for decoding motor imagery patterns","2025","https://www.scopus.com/inward/record.uri?eid=2-s2.0-105003021870&doi=10.1016%2Fj.neucom.2025.130303&partnerID=40&md5=f68481fce1f8edfa6c167e29ff58ed82","Final"
"Liu Y.; Zhang H.; Chen M.; Zhang L.","Liu, Ye (55904679100); Zhang, Hao (59878243000); Chen, Min (57193341547); Zhang, Liqing (35235787300)","55904679100; 59878243000; 57193341547; 35235787300","A boosting-based spatial-spectral model for stroke patients' EEG analysis in rehabilitation training","2016","https://www.scopus.com/inward/record.uri?eid=2-s2.0-85013090909&doi=10.1109%2FTNSRE.2015.2466079&partnerID=40&md5=aa0418a86dc7299cf2b657fbcd581a4b","Final"
"Cabrera A.F.; Dremstrup K.","Cabrera, Alvaro Fuentes (14049886900); Dremstrup, Kim (24490785400)","14049886900; 24490785400","Auditory and spatial navigation imagery in Brain-Computer Interface using optimized wavelets","2008","https://www.scopus.com/inward/record.uri?eid=2-s2.0-49549105301&doi=10.1016%2Fj.jneumeth.2008.06.026&partnerID=40&md5=3e4e7e2ce53d70e8cf11fed8c8ecde83","Final"
"Ince N.F.; Tewfik A.H.; Arica S.","Ince, Nuri F. (13608128800); Tewfik, Ahmed H. (7005761262); Arica, Sami (6505854027)","13608128800; 7005761262; 6505854027","A space-time-frequency analysis approach for the classification motor imagery EGG recordings in a Brain Computer Interface Task","2006","https://www.scopus.com/inward/record.uri?eid=2-s2.0-84903868059&doi=10.1109%2FIEMBS.2006.260052&partnerID=40&md5=31f09768f5dbd353359fc6625558d16b","Final"
"Yang L.; Wu J.","Yang, Luhan (59529402400); Wu, Jue (8454322300)","59529402400; 8454322300","Research on Motor Imagery Signal Recognition Method Based on Wavelet Packet Transform and ConvLSTM","2024","https://www.scopus.com/inward/record.uri?eid=2-s2.0-85216108288&doi=10.1145%2F3700486.3700502&partnerID=40&md5=ed9bc728910f98eefff52184df7265d2","Final"
"Li D.; Zhang H.; Khan M.S.; Mi F.","Li, Duan (57194348234); Zhang, Hongxin (7409198364); Khan, Muhammad Saad (56963037500); Mi, Fang (57200116918)","57194348234; 7409198364; 56963037500; 57200116918","A self-adaptive frequency selection common spatial pattern and least squares twin support vector machine for motor imagery electroencephalography recognition","2018","https://www.scopus.com/inward/record.uri?eid=2-s2.0-85039781318&doi=10.1016%2Fj.bspc.2017.11.014&partnerID=40&md5=a56c98253621c807a7be02fb5ab8d3da","Final"
"Higashi H.; Tanaka T.","Higashi, Hiroshi (35068075200); Tanaka, Toshihisa (55727208700)","35068075200; 55727208700","Common spatio-time-frequency patterns for motor imagery-based brain machine interfaces","2013","https://www.scopus.com/inward/record.uri?eid=2-s2.0-84888628929&doi=10.1155%2F2013%2F537218&partnerID=40&md5=a63e7d918526afacfbe48b0efc41d9e9","Final"
"Xu B.; Lu W.; Song A.; Yang R.; Pan L.; Zeng H.; Xu G.","Xu, Baoguo (57193838487); Lu, Wei (55543725900); Song, Aiguo (7102693451); Yang, Renhuan (25928162100); Pan, Lizheng (50961327300); Zeng, Hong (7401472202); Xu, Guozheng (55671571200)","57193838487; 55543725900; 7102693451; 25928162100; 50961327300; 7401472202; 55671571200","Online classification of single trial motor imagery electroencephalogram signals","2013","https://www.scopus.com/inward/record.uri?eid=2-s2.0-84880203729&partnerID=40&md5=6766e4ba8dc217068f41d2785b721b14","Final"
"Yamaguchi T.; Fujio M.; Inoue K.","Yamaguchi, Tomonari (24923674500); Fujio, Mitsuhiko (15060115200); Inoue, Katsuhiro (55586657100)","24923674500; 15060115200; 55586657100","Design method of morphological structuring function for pattern recognition of EEG signals during motor imagery and cognition","2011","https://www.scopus.com/inward/record.uri?eid=2-s2.0-80052440326&partnerID=40&md5=652b1b257db3839163b66960fbd23e0d","Final"
"Rasheed S.; Mumtaz W.","Rasheed, Suleman (57223425196); Mumtaz, Wajid (55359401300)","57223425196; 55359401300","Classification of Hand-Grasp Movements of Stroke Patients using EEG Data","2021","https://www.scopus.com/inward/record.uri?eid=2-s2.0-85108068781&doi=10.1109%2FICAI52203.2021.9445231&partnerID=40&md5=3b736c6d938310563411c5fd6fff495d","Final"
"Hao Y.; Lu Q.; Cheng S.","Hao, Yuejiang (58779187000); Lu, Qi (59141882600); Cheng, Shiwei (25630245300)","58779187000; 59141882600; 25630245300","Motor imagery classification method based on Riemannian Manifold and CNN-LSTM for advanced brain computer interfaces","2025","https://www.scopus.com/inward/record.uri?eid=2-s2.0-105002113611&doi=10.1007%2Fs42486-024-00183-8&partnerID=40&md5=ae058129742957b0c6fb570c21df2b33","Final"
"Wang L.; Xu G.; Wang J.; Yang S.; Yan W.","Wang, Lei (57194172127); Xu, Guizhi (16174871700); Wang, Jiang (36773959700); Yang, Shuo (60395671600); Yan, Weili (7402221591)","57194172127; 16174871700; 36773959700; 60395671600; 7402221591","Application of Hilbert-Huang transform for the study of motor imagery tasks","2008","https://www.scopus.com/inward/record.uri?eid=2-s2.0-61849157464&partnerID=40&md5=1add4dae58922f30eced03b495c9e10a","Final"
"Liu C.; Fu Y.; Yang J.; Xiong X.; Sun H.; Yu Z.","Liu, Chuanwei (56896462800); Fu, Yunfa (36699444900); Yang, Jun (57225187256); Xiong, Xin (36106630000); Sun, Huiwen (56896439200); Yu, Zhengtao (8883303600)","56896462800; 36699444900; 57225187256; 36106630000; 56896439200; 8883303600","Discrimination of motor imagery patterns by electroencephalogram phase synchronization combined with frequency band energy","2017","https://www.scopus.com/inward/record.uri?eid=2-s2.0-85029151900&doi=10.1109%2FJAS.2016.7510121&partnerID=40&md5=ac07e145f7c0099a247856e75cc87c7b","Final"
"Xie Y.; Oniga S.","Xie, Yu (57224368996); Oniga, Stefan (24341788400)","57224368996; 24341788400","Classification of Motor Imagery EEG Signals Based on Data Augmentation and Convolutional Neural Networks","2023","https://www.scopus.com/inward/record.uri?eid=2-s2.0-85148970625&doi=10.3390%2Fs23041932&partnerID=40&md5=dec882fd00c7f075fac073fcd9a1c21e","Final"
