Titulo,Autores,Ano de Publicacao,Fonte
Efficient EEG-Based Motor Imagery Classification via Wavelet Genetic Optimization and Machine Learning,M. Nadeem; S. M. Qaisar; U. S. Khan,2026,IEEE
FA-EEGNet: Enhancing EEGNet with Frequency-Adaptive Kernels for the classification of stroke rehabilitation movements,M. H. Mim; D. R. Pranto; M. M. Hasan,2026,IEEE
Decoding of Intuitive Motor Imagery Paradigm Based on Frequency-Band Double-Branch Network,L. Pan; D. Liu; J. Li; J. Li,2026,IEEE
Scale Specific Riemannian Features with Graph Convolutional Network for Motor Imagery EEG Classification,Balendra; A. Pathak; N. Sharma; S. Sharma,2025,IEEE
NeuroClean: A Benchmarking and Optimization Framework for EEG Preprocessing in Semantic Brain-to-Text Decoding,P. Pawar; N. Kulkarni,2025,IEEE
Motion Intention Recognition Based on Deep Learning Approaches for EEG Signal Analysis Considering Laban/Bartenieff Movement System,Y. Li; S. Zhang; X. Liang; H. Qin; T. Huang; Z. Jing; Y. Gao,2025,IEEE
Classification of Delta Band Motor Imagery EEG Signals in SCI Patients using the Regularized Common Temporal Pattern Method,M. Babaei; S. Shadzinavaz; S. H. Sardouie,2025,IEEE
A Combined Time-Frequency and Common Spatial-Spectral Pattern Approach for EEG-Based Motor Imagery Classification,R. Nejati; H. D. Hesar,2025,IEEE
A Novel Deep Learning Framework for High-Gamma EEG Signal Classification Using Hybrid Compact-CNN-LSTM Network,V. S. Kardam; S. Taran; A. Pandey,2025,IEEE
RGFTSLANet: A Cross-Subject Classification Model for Decoding EEG-Based Motor Imagery Tasks,Y. Zhao; B. Jiang; Y. Yan; D. He; X. Zhang; S. Zou; Y. Zhu; X. Hu; G. Xie,2025,IEEE
Optimized Motor Imagery EEG Signal Classification Using Binary Whale Optimization Algorithm and Deep Neural Networks,G. Tiwari; A. K. Tiwari; M. Yadav,2025,IEEE
EEG based Motor Imagery of Hands Classification using Modified Sub-Band Common Spatial Pattern,Y. Kashyap; E. Chowdhury; C. S. Kumar; M. Mahadevappa,2025,IEEE
Adaptive Spatial Filtering and Linear Discriminant Learning for Robust Motor Imagery EEG Classification,S. Parui; A. Das; S. Banerjee; M. K. Gourisaria; R. K. Rai,2025,IEEE
Home Robot Motor Imagery Interaction and Emotional Awareness Based on Multimodal EEG Feature Extraction,T. H. Zhou; C. Yang; D. Li; L. Wang,2025,IEEE
Bidirectional Time-Frequency Pyramid Network for Enhanced Robust EEG Classification,J. Hong; S. Li; M. Jian; L. Yang,2025,IEEE
BCI-Based Robotic Arm for Medical Rehabilitation,H. S. G; N. S; A. B; D. M; A. Veluppal,2025,IEEE
Improving Motor Imagery Decoding through EEG Frequency Band Analysis,J. V. Juan; S. Pacheco; E. Iáñez; M. Ortiz; J. Tornero; J. M. Azorín,2025,IEEE
A Hybrid EEG-EOG Brain-Computer Interface for Intelligent Wheelchair Navigation,T. R. M; P. S; R. B; S. K. S; M. P. N,2025,IEEE
Multi-Scale Causal Convolution-Based Swin Transformer for Motor Imagery EEG Classification,H. Yin; X. Huang,2025,IEEE
BCI for Mobile Devices: Time–Frequency and Representation Learning Analysis of Mobile Gesture Tasks,C. M. Yilmaz; A. Ulu; G. Demirbas,2025,IEEE
A Multi-Band Self-Attention Network for Motor Imagery Classification,Q. Song; G. Kang,2025,IEEE
Learned-Weight Ensemble Monte Carlo DropBlock for Uncertainty Estimation and EEG Classification,P. Sedi Nzakuna; V. Gallo; M. Carratù; V. Paciello; A. Pietrosanto; A. Lay-Ekuakille,2025,IEEE
Optimal Deep Learning Model and Non-linear Features Extraction with Classification for Innovative Brain–Computer Interaction Using EEG Signals,R. Govindarajan; M. Haritha; M. O. Sabri; B. Priyanka; T. Mrudula; R. V,2025,IEEE
EEG Signal Classification of Hand Grasping States as Part of the Development of an Open Device Brain-Computer Interface,A. J. Lambe; Suprijanto; A. G. Risangtuni,2025,IEEE
Improving Motor Imagery EEG Signal Classification Using Deep Learning Techniques,G. Velakanti; S. Mahveen; A. A. Rao; M. Sai Hanith; G. K. Priya; K. Sushrith Reddy,2025,IEEE
MOKD-EEG:Multi-Task Learning-Based Online Knowledge Distillation for Cross-Task EEG Classification,Q. Zhou; X. Ye; S. Li; Y. Zhao; Q. Du; L. Ke,2025,IEEE
Integrating Virtual Reality and Multifeature Fusion Deep Learning to Improve EEG-Based Motion Imagery Decoding,J. Leng; C. Lv; J. Li; H. Zhao; B. Zhang; A. Zhang; L. Wang; C. Feng; X. Zhang; T. -P. Jung; F. Xu,2025,IEEE
Hybrid CNN-LSTM Model for EEG-Based Motor Imagery Classification,A. Paswan; J. Sarraf; A. Swetapadma,2025,IEEE
Efficient Ocular Artifacts Removal From EEG Recordings Using State-Space Model,J. Yin; X. Chen; A. Liu,2025,IEEE
A Novel Motor Imagery EEG Decoding Method Integrating Cascaded Common Spatial Pattern and Riemannian Geometry,X. Lyu; W. Wang; X. Li; H. Zhou; J. Huang; X. Wang; L. Wang,2025,IEEE
Parity FuseNet-Mi: Learning Spatio-Temporal Dynamics via Hierarchical Odd-Even Kernel Convolutions for Motor Imagery Decoding,S. M. Mahim; M. E. Hossen; S. A. Hasan; M. K. Islam; M. S. Miah; M. Niu,2025,IEEE
Improved Feature Selection Using Equal Grouping Method for EEG Motor Imagery,S. Subekti; I. Rizki; A. Rizal; S. Hadiyoso; A. J. Zaylaa; T. Triwiyanto,2025,IEEE
SSTAF: Spatial-Spectral-Temporal Attention Fusion Transformer for Motor Imagery Classification,U. Maria Muna; M. Mehedi Hasan Shawon; M. Jobayer; S. Akter; S. Rahman Sabuj,2025,IEEE
Enhanced Brain-Computer Interface for EEG Motor Imagery Using DC-GCN and Evolutionary Optimization,U. M. V; M. P. Kumar; A. Patil; V. V. S. Kumar; M. S. Prashanth; S. Kiran,2025,IEEE
EEG based BCI for Seemless Home Automation,H. J. P. K; K. A. Muhammed Fahim; S. K. B.; B. Sajeev; C. Parameswaran; B. M. C,2025,IEEE
Analysing Enhanced EEG Based Brain Computer Interface for Motor Imagery Tasks Using Statistical Analysis,R. Sivasakthivel; M. Rajagopal; G. Ramar; R. Stephen; V. Sindhu; E. V. Fernandiz,2025,IEEE
Common Spatial Pattern Variants for Feature Extraction in Multi-Class Motor Imagery BCI,F. Asadi; K. Thangthong; S. Tungjitkusolmun,2025,IEEE
K-Medoids-based ICA and Wavelet-Enhanced Multi-resolution Convolutional Network for Motor Imagery EEG,P. Sun; J. Zhou,2025,IEEE
ESSDM: An Enhanced Sparse Swarm Decomposition Method and Its Application in Multi-Class Motor Imagery-Based EEG-BCI System,S. V. Bhalerao; R. B. Pachori,2025,IEEE
TriNet: A Hybrid Feature Integration Approach for Motor Imagery Classification in Brain-Computer Interface,H. F. Abbasi; M. Ahmed Abbasi; S. Jianbo; X. Liping; X. Yu,2025,IEEE
"Motor Imagery–Based Brain–Computer Interfaces: Challenges, Methods, and Future Directions",Z. Shuqfa; A. Lakas,2025,IEEE
Explainable Common Spatial Pattern to Improve the Design of Brain-Computer Interfaces,S. Gannouni; K. Belwafi,2025,IEEE
An Adaptive Convolutional Neural Network With Spatio-Temporal Attention and Dynamic Pathways (ACNN-STADP) for Robust EEG-Based Motor Imagery Classification,A. Raza; M. Z. Yusoff,2025,IEEE
A Study on the Classification Method of Motor Imagery EEG Signals Based on Band Filter Bank Common Space Pattern and Continuous Wavelet Transforms,Q. Cui; X. Zhang; K. Xu; S. Wang,2025,IEEE
EEG Processing for Brain-Computer Interface using Wavelet-Decomposition Ant Colony Optimization and Machine Learning,S. M. Qaisar; M. Nadeem; A. Eleyan; S. Oueida,2025,IEEE
Monte Carlo-Based Strategy for Assessing the Impact of EEG Data Uncertainty on Confidence in Convolutional Neural Network Classification,P. Sedi Nzakuna; V. Gallo; V. Paciello; A. Lay-Ekuakille; A. Kuti Lusala,2025,IEEE
BCI based EEG Signals classification using Machine Learning Approach,Y. Narayan; D. Gautam; D. Lakhwani; R. Kakkar,2025,IEEE
"SMANet: A Model Combining SincNet, Multi-Branch Spatial—Temporal CNN, and Attention Mechanism for Motor Imagery BCI",D. Wang; Q. Wei,2025,IEEE
Non-Invasive EEG-Driven Brain-Computer Interface for Motion Control of Assistive Robotics,S. E. Fatima; S. A. Rahman; W. Mumtaz; M. S. Nazeer,2025,IEEE
MDRNet: Multi-Branch with Different Feature Representations Network for Motor Imagery Classification,Q. Zhou; Y. Zhao; S. Zhang; J. Song; Q. Du; L. Ke,2025,IEEE
AWKNet: A Lightweight Neural Network for Motor Imagery Electroencephalogram Classification Based on Adaptive Wavelet Transform Kolmogorov-Arnold,Y. Song; H. Zhang; J. Man; X. Jin; Q. Li,2025,IEEE
Spatiotemporal Filtering Bank for Decoding Motor Imagery EEG Signals,L. Hu; G. Huang,2024,IEEE
SKSP: Selected Kernel Spatial Pattern Analysis in Euclidean and Hilbert Space for Decoding Motor Imagery,Z. Zhibin; J. Niu; L. Ren; Z. Ouyang; S. Mo,2024,IEEE
Enhancing Four-Class Motor Imagery Detection Through Advanced Feature Extraction Techniques,J. Souissi; S. Karmani; K. Belwafi; R. Djemal,2024,IEEE
A Classification and Recognition Method for Motor Imagery EEG Signals Using Fusion of DRSN and WPD,Q. Li; Y. Zhao,2024,IEEE
Enhancement Effect of ERD Activation Based on Multi-limb Cooperation Motor Imagery Compared with Inherent Limbs,W. Wu; Y. Liu; Z. Wang; S. Huang; G. Wang; D. Ming,2024,IEEE
Brain Computer Interfaces for Enhancing Motor Imagery Classification Using EEG Signal,R. S. Lalawat; V. Bajaj; P. K. Padhy,2024,IEEE
A Novel Motor Imagery Decoding Method Based on MODWT and Light-Weight CNN,W. Duan; T. Huang; J. Liu,2024,IEEE
Motor Imagery Classification in EEG signals using Hybrid CNN-ISqueeze net,S. K. Mandal; A. K. Jena,2024,IEEE
A Novel Classification Model Based on DWT and CNN-LSTM Motor EEG Imagination Signals,Y. Yang; Z. Chen; W. Li; Y. Ma,2024,IEEE
A Lightweight End-to-End Three-domain Feature Fusion Network for Motor Imagery Decoding,N. Cao; X. Wen; Y. Hao; R. Cao; C. Gao; R. Cao,2024,IEEE
Classifying EEG-Based Motor Imagery for Drone Control Using Artificial Neural Network,T. Sumardi; A. Afriyanti; M. A. Suhendra; S. Ajidarmo; M. I. Basri; M. F. Amri,2024,IEEE
Evaluation of EEG and MEG responses during Fine Motor Imagery from the same limb,R. Jiang; S. Qiu; Y. Wang; C. Zhang; H. He,2024,IEEE
Benchmarking motor imagery algorithms for pediatric users of brain-computer interfaces,B. Irvine; H. Abou-Zeid; A. Kirton; E. Kinney-Lang,2024,IEEE
Enhanced BCI Performance using Diffusion Model for EEG Generation,Y. Zhong; L. Yao; Y. Wang,2024,IEEE
Baseline-Guided Representation Learning for Noise-Robust EEG Signal Classification,E. Y. Lim; K. Yin; H. -B. Shin; S. -W. Lee,2024,IEEE
Motor Imagery Recognition Using Filter Bank Common Spatial Pattern and Recurrent Neural Networks,A. M. Kristanto; E. C. Djamal; R. Ilyas,2024,IEEE
TMAnet: An Innovative Approach for Classifying Motor Imagery EEG Signals Related to Motor Movements,C. Wang; Y. Lou; H. Peng; X. Xiong; X. Gu; J. Yang,2024,IEEE
Distinguishing Resting State From Motor Imagery Swallowing Using EEG and Deep Learning Models,S. G. Aslan; B. Yilmaz,2024,IEEE
Motor-Related EEG Analysis Using a Pole Tracking Approach,K. Kostoglou; G. R. Müller-Putz,2024,IEEE
Self-Paced Brain-Computer Interface on Sensorimotor Rhythms for Controlling Virtual Objects,A. D. Athapattu; P. S. B. Dassanayake; G. S. C. Nanayakkara; S. N. Liyanage; G. A. I. Devindi; R. Ragel; T. Dissanayake; I. Nawinne,2024,IEEE
A Subject-Specific Time Window Selection Method for Motor Imagery BCI,Y. Zhang; W. Zhao,2024,IEEE
A Hierarchical Intelligent Rehabilitation Robotic System Based on MI-EEG,Y. Qiao; R. Shi; F. Guo; B. Zhao; W. Li; Z. Liu; F. Duan,2024,IEEE
Short-Term Fourier Transform as Preprocessing for Common Spatial Pattern,A. B. Lana Maciel Moreira Armond; G. H. de Souza; D. E. Dos Santos; H. S. Bernardino,2024,IEEE
Quantifying Spatial Domain Explanations in BCI using Earth Mover’s Distance,P. Rajpura; H. Cecotti; Y. K. Meena,2024,IEEE
Simultaneous EEG-fNIRS Data Classification Through Selective Channel Representation and Spectrogram Imaging,C. Bunterngchit; J. Wang; Z. -G. Hou,2024,IEEE
Acceleration of EEG Signal Processing on FPGA: A Step Towards Embedded BCI,S. Kundu; P. Saha; A. S. Tomar; A. Chowdhury,2024,IEEE
EEG Motor Imagery Classification using Integrated Transformer-CNN for Assistive Technology Control,S. Zare; Y. Sun,2024,IEEE
Deep Neural Network-Based Empirical Mode Decomposition for Motor Imagery EEG Classification,H. Yu; S. Baek; J. Lee; I. Sohn; B. Hwang; C. Park,2024,IEEE
SVM for Classification of Ten-Finger Imagined Movements using tEEG Signals,R. D. L. Barbosa; K. Adhikari; W. G. Besio,2024,IEEE
Classification of Motor Imagery EEG Signals Using Deep Learning,B. Rahma; R. Aicha; M. Kamel,2024,IEEE
Classification Algorithm for Motor Imagery EEG Signals Based on Multi-Domain Information CNN,G. Xu; Y. Ren; J. Jiang; F. Yao; J. Cao,2024,IEEE
Time-Frequency-Space EEG Decoding Model Based on Dense Graph Convolutional Network for Stroke,J. Leng; H. Li; W. Shi; L. Gao; C. Lv; C. Wang; F. Xu; Y. Zhang; T. -P. Jung,2024,IEEE
Motor Imagery Classification Using Single Channel of EEG in Online Brain-Computer Interface,M. Taghizadeh; A. Chalechale,2024,IEEE
iTa-DFiE: An Innovative Tensor Algebra-Based Detection Framework for Incomplete Noninvasive Electroencephalography,N. Anh Thi Nguyen; Q. -B. Tao; H. -J. Yang; H. Trung Huynh; N. Tran Quoc Vinh; D. Khanh Ninh,2024,IEEE
Advancements in Temporal Fusion: A New Horizon for EEG-Based Motor Imagery Classification,S. Kundu; A. S. Tomar; A. Chowdhury; G. Thakur; A. Tomar,2024,IEEE
Channel-optimized Local Region Riemannian Approach for Motor Imagery Classification,J. Shin; W. Chung,2024,IEEE
Classification of Left/Right Hand Movement from EEG Signal by Empirical Mode Decomposition with Ensemble of classifiers,N. Choudhary; K. M. Kumar; J. Mathew; S. Acchugatla,2024,IEEE
MSFNet: A Multi-Scale Space-Time Frequency Fusion Network for Motor Imagery EEG Classification,C. Wang; Y. Wu; C. Wang; Y. Ren; J. Shen; T. Pang; C. S. Chan; W. Ren; Y. Yu,2024,IEEE
Optimal Fuzzy Logic Enabled EEG Motor Imagery Classification for Brain Computer Interface,E. Yang; K. Shankar; E. Perumal; C. Seo,2024,IEEE
Development of an Adaptive Artifact Subspace Reconstruction Based on Hebbian/Anti-Hebbian Learning Networks for Enhancing BCI Performance,B. -Y. Tsai; S. V. S. Diddi; L. -W. Ko; S. -J. Wang; C. -Y. Chang; T. -P. Jung,2024,IEEE
A WPSD-Based Feature Extraction Method of EEG Signal for Motor Imagination,J. Shi; Q. Wang; D. Liu; C. Kim; Y. Zhang; X. Liu,2023,IEEE
Design an Accurate BCI System by a Novel Method and the Minimum Number of Channels Based on Five Class Motor Imagery,M. P. Kavian; A. Fallah; S. Rashidi,2023,IEEE
Performance Evaluation of Xception Networks and Short-Time Fourier Transform Spectrograms for Motor Imagery Classification,C. M. Yilmaz; B. H. Yilmaz,2023,IEEE
Improving classification accuracy for motor imagery BCI using DWT based Features,A. F. Doudou; A. Reffad; K. Mebarkia,2023,IEEE
SAT-Net: SincNet-Based Attentive Temporal Convolutional Network for Motor Imagery Classification,J. -M. Kim; S. Bak; H. Nam; W. Choi; D. -H. Kim; T. -E. Kam,2023,IEEE
Optimizing EEG Signal Classification for Motor Imagery BCIs: FilterBank CSP with Riemannian Manifolds and Ensemble Learning Models,M. M. Esfahani; M. H. Najafi; H. Sadati,2023,IEEE
EEG Image Classification using Deep Metric Learning with Nearest Neighbor Technique,M. Ramkumar; C. G. Babu; R. S. Kumar; A. S; D. S. T K; P. G S,2023,IEEE
Spatio-Temporal Joint Filtering for Transfer Learning in Brain-Computer Interface of Motion Imaginery,S. Hou; A. Jiang; Y. Tang; M. Li; Y. Zhu,2023,IEEE
Research on Hybrid Online Brain-Computer Interface System Based on MI-mVEP,Z. Zhuan; Y. Bian; X. He; P. Yuan; L. Geng; J. Li; M. Sun,2023,IEEE
Common Spatial Pattern and Riemannian Manifold-Based Real-Time Multiclass Motor Imagery EEG Classification,K. -K. Shyu; S. -C. Huang; K. -J. Tung; L. -H. Lee; P. -L. Lee; Y. -H. Chen,2023,IEEE
A Region of Interest-Based Electrophysiological Source Imaging Technology and its Applications in Analysis of Motor Imagery EEG Signals,Y. Wang; X. Zheng; N. Gao,2023,IEEE
A Novel Approach to MI-EEG Classification via 3D Interpolation and 3DCNN,M. -A. Li; J. Zhang,2023,IEEE
STOW-Net: Spatio-Temporal Operation Based Deep Learning Network for Classifying Wavelet Transformed Motor Imagery EEG Signals,M. S. Rana; S. A. Fattah; M. Saquib,2023,IEEE
Features Extraction Technique Analysis of EEG Signal for Motor Imagery Classification,F. M. Yassin; N. M. Norwawi; N. A. Noh; A. Alias; S. Tamam,2023,IEEE
A Multi-Domain Convolutional Neural Network for EEG-Based Motor Imagery Decoding,H. Zhi; Z. Yu; T. Yu; Z. Gu; J. Yang,2023,IEEE
Non-Uniform Filter Banks-based Minimum Distance to Riemannian Mean Classification in Motor Imagery BCI,P. Tan; X. Su; L. Yu; Y. Shen,2023,IEEE
Motor Imagery BCI Classification Using Synchrosqueezing Transform,M. A. A. YOUSIF; M. OZTURK,2023,IEEE
Classification of EEG Signals Using a Common Spatial Pattern Based Motor-Imagery for a Lower-limb Rehabilitation Exoskeleton,C. -J. Lin; C. -H. Lin,2023,IEEE
Sparse Bayesian Learning for End-to-End EEG Decoding,W. Wang; F. Qi; D. P. Wipf; C. Cai; T. Yu; Y. Li; Y. Zhang; Z. Yu; W. Wu,2023,IEEE
EEGNet-MSD: A Sparse Convolutional Neural Network for Efficient EEG-Based Intent Decoding,R. Fu; Z. Wang; S. Wang; X. Xu; J. Chen; G. Wen,2023,IEEE
An Approach to EEG based BCI for Motor Imagery using Explainable Transfer Learning,Ž. Rohutná; R. Vargic,2023,IEEE
Motor Imagery Classification Enhancement using Generative Adversarial Networks for EEG Spectrum Image Generation,A. G. Habashi; A. M. Azab; S. Eldawlatly; G. M. Aly,2023,IEEE
Effects of Trial-Adjusted Neurofeedback Training on Motor-Imagery Based Brain-Computer Interface Performance,A. Connelly; P. Li; P. Rangpong; T. Wilaiprasitporn; T. Yagi,2023,IEEE
EEG based Motor Imagery BCI using Four Class Iterative Filtering & Four Class Filter Bank Common Spatial Pattern,S. Akuthota; K. Rajkumar; J. Ravichander,2023,IEEE
The Influence of Smoothing Filtering Methods on the Performance of an EEG-Based Brain–Computer Interface,S. I. Alzahrani; M. M. Alsaleh,2023,IEEE
Incorporating EEG and fNIRS Patterns to Evaluate Cortical Excitability and MI-BCI Performance During Motor Training,Z. Wang; L. Yang; Y. Zhou; L. Chen; B. Gu; S. Liu; M. Xu; F. He; D. Ming,2023,IEEE
Motor Imagery EEG Classification Using Fine-Tuned Deep Convolutional EfficientNetB0 Model,M. S. Ali; A. Hassan; A. Rahim; M. H. Ashraf; A. Rahim; S. Saghir,2023,IEEE
Multi-Task EEG Signal Classification Using Correlation-Based IMF Selection and Multi-Class CSP,N. Alizadeh; S. Afrakhteh; M. R. Mosavi,2023,IEEE
Enhancing Motor Imagery EEG Signal Classification with Simplified GoogLeNet,L. Wang; J. Wang; B. Wen; W. Mu; L. Liu; J. Han; L. Zhang; J. Jia; X. Kang,2023,IEEE
EEG-Channel-Temporal-Spectral-Attention Correlation for Motor Imagery EEG Classification,W. -Y. Hsu; Y. -W. Cheng,2023,IEEE
AutoEncoder Filter Bank Common Spatial Patterns to Decode Motor Imagery From EEG,N. Mammone; C. Ieracitano; H. Adeli; F. C. Morabito,2023,IEEE
Enhancement of Time-Frequency Energy for the Classification of Motor Imagery Electroencephalogram Based on an Improved FitzHugh–Nagumo Neuron System,R. Chen; G. Xu; Y. Jia; C. Zhou; Z. Wang; J. Pei; C. Han; Y. Wang; S. Zhang,2023,IEEE
Motor Imagery EEG Classification Based on Riemannian Sparse Optimization and Dempster-Shafer Fusion of Multi-Time-Frequency Patterns,J. Jin; T. Qu; R. Xu; X. Wang; A. Cichocki,2023,IEEE
FBMSNet: A Filter-Bank Multi-Scale Convolutional Neural Network for EEG-Based Motor Imagery Decoding,K. Liu; M. Yang; Z. Yu; G. Wang; W. Wu,2023,IEEE
Feature Extraction and Classification of EEG Signal Based on Deep Learning,S. Xue; X. Geng; D. Li,2022,IEEE
Feature bands study of MI signals based on FBCSP for CNN,L. Wang; X. Deng; Q. Jiang; L. Zheng; C. Yang; L. Mo,2022,IEEE
A study of EEG motor imagery classification algorithm based on WPD-AFBCSP,Z. Cui; B. Guo; J. Zhang; Z. Wang,2022,IEEE
Time-frequency analysis and spiking neural network for motor imagery EEG classification,Z. Liu; L. Wang; S. Xu,2022,IEEE
An Algorithm for Motor Imagery Classification Based on Transfer Learning and Feature Fusion,S. Wang; J. Wu; D. Zhang; D. Suo; T. Yan,2022,IEEE
Multi-class Motor Imagery Classification Method Using One-dimensional Convolutional Neural Networks,D. Li; Y. Ma; S. Hu; Y. Su; Y. Ruan; Q. Lin,2022,IEEE
Effect of EOG Artifact Removal on EEG Motor-Imagery Classification,M. A. Iqbal; M. M. Rahman; S. Muhtasim; S. E. Uddin Shubha; M. Hasan,2022,IEEE
Employing Deep Learning and Discrete Wavelet Transform Approach to Classify Motor Imagery Based Brain Computer Interface System,A. S. Ghafari; E. Azizi,2022,IEEE
Motor Imagery EEG Recognition Based on Weight-Sharing CNN-LSTM Network,Y. Liu; B. Zhao; S. Zhang; W. Xiao,2022,IEEE
Brain-Computer Interface Based Control for Disabled,M. Sharma; N. Rafiuddin; M. Sarfaraz; Y. Uzzaman Khan,2022,IEEE
Motor Imagery based EEG Signal Classification using Multi-scale CNN Architecture,K. Pratyusha; K. S. Devi; S. Ari,2022,IEEE
Subject Wise Motor Imagery Classification from EEG Data Using Transfer Learning,A. A. Khan; A. Hassan; M. T. Jahangir,2022,IEEE
An Effect of Limb Position in Motor Imagery Training Paradigm in Immersive Virtual Environment,S. Kiatthaveephong; S. Santiwongkarn; R. Chaisaen; C. Rungsilp; T. Yagi; T. Wilaiprasitporn,2022,IEEE
Motor Imagery Hand Movements Recognition Using SVM Classifier and Genetic Algorithm Optimization,A. Reffad; K. Mebarkia,2022,IEEE
Motor-imagery EEG signal decoding using multichannel-empirical wavelet transform for brain computer interfaces,I. Siviero; L. Brusini; G. Menegaz; S. F. Storti,2022,IEEE
Cognitive Computing for Brain–Computer Interface-Based Computational Social Digital Twins Systems,Z. Lv; L. Qiao; H. Lv,2022,IEEE
A Brain to UAV Communication Model using Stacked Ensemble CSP algorithm based on Motor Imagery EEG signal,S. Parui; D. Basu; U. Ghosh; R. Datta,2022,IEEE
Combining CNN with Autoencoder for Motor-Imagery Classification,J. Karthika; M. Ganesan; R. Lavanya,2022,IEEE
Application of Transfer Learning in Optimized Filter-Bank Regularized CSP to Classification of EEG Signals with Small Dataset,M. M. Esfahani; H. Sadati,2022,IEEE
Multi-classification for EEG Motor Imagery Signals using Auto-selected Filter Bank Regularized Common Spatial Pattern,Y. An; S. H. Han; S. Ho Ling,2022,IEEE
Artificial Intelligence in Brain Computer Interface,A. Subasi,2022,IEEE
Motor Imagery Tasks EEG Signals Classification Using ResNet with Multi-Time-Frequency Representation,W. Liu; Y. Zeng,2022,IEEE
EEG Signals Recognition of Active Brain-Computer Interface Based on Sequential Encoding,X. Huang; L. Wang; L. Ren; Q. Zhan,2022,IEEE
A Power Spectrum Pattern Difference-Based Time-Frequency Sub-Band Selection Method for MI-EEG Classification,L. Zheng; Y. Ma; P. Lian; Y. Xiao; Z. Yi; Q. Song; W. Feng; X. Wu,2022,IEEE
State-of-the-Art Versus Deep Learning: A Comparative Study of Motor Imagery Decoding Techniques,O. George; S. Dabas; A. Sikder; R. O. Smith; P. Madiraju; N. Yahyasoltani; S. I. Ahamed,2022,IEEE
Brain-Computer Interface Rehabilitation System Design Based on Motor Imagery,Q. Wei; A. Wei; F. Peng; X. Zhang; X. Wang; Z. Wang; P. Li,2022,IEEE
Motor Imagery EEG Signal Classification for Stroke Survivors Rehabilitation,A. E. Voinas; R. Das; M. A. Khan; I. Brunner; S. Puthusserypady,2022,IEEE
SincNet-Based Hybrid Neural Network for Motor Imagery EEG Decoding,C. Liu; J. Jin; I. Daly; S. Li; H. Sun; Y. Huang; X. Wang; A. Cichocki,2022,IEEE
A Tensor-Based Frequency Features Combination Method for Brain–Computer Interfaces,Y. Pei; Z. Luo; H. Zhao; D. Xu; W. Li; Y. Yan; H. Yan; L. Xie; M. Xu; E. Yin,2022,IEEE
Transfer Learning for Classifying Motor Imagery EEG: A Comparative Study,T. Limpiti; K. Seetanathum; N. Sricom; N. Puttarak,2021,IEEE
Retracted: Feature Optimization of Motor Imagery EEG Classification using BEE Scout Algorithms and Machine Learning for ALS Disease Predication,D. Pandey; V. Namdeo,2021,IEEE
Multi-class MI-EEG Classification: Using FBCSP and Ensemble Learning Based on Majority Voting,X. Wei; E. Dong; L. Zhu,2021,IEEE
A Novel DCNN Based MI-EEG Classification Method Using Spatio-Frequency Information,L. Wang; M. Li,2021,IEEE
Time-frequency Based EEG Motor Imagery Signal Classification with Deep Learning Networks,M. K. M. Rabby; R. B. Eshun; S. Belkasim; A. K. M. K. Islam,2021,IEEE
Correlation Alignment in Filter Bank Riemannian Tangent Space for Motor Imagery Classification,X. Zou; X. Xie; F. Qi,2021,IEEE
5 Hz rTMS improves motor-imagery based BCI classification performance,T. Jia; L. Mo; C. Li; A. Liu; Z. Li; L. Ji,2021,IEEE
A Graph-Based Feature Extraction Algorithm Towards a Robust Data Fusion Framework for Brain-Computer Interfaces,S. Zhu; S. I. Hosni; X. Huang; S. B. Borgheai; J. McLinden; Y. Shahriari; S. Ostadabbas,2021,IEEE
Filter Bank Sinc-ShallowNet with EMD-based Mixed Noise Adding Data Augmentation for Motor Imagery Classification,J. Chen; W. Yi; D. Wang,2021,IEEE
Motor Imagery Signal Classification Using Constant-Q Transform for BCI Applications,M. A. Balim; C. Hanİlçİ; N. Acir,2021,IEEE
A Transfer Learning Method based on VGG-16 Convolutional Neural Network for MI Classification,M. -A. Li; D. -Q. Xu,2021,IEEE
Eye-Blink artifact Detection and Removal Approaches for BCI using EEG,M. M. Wankhade; S. S. Chorage,2021,IEEE
CNN-based Approaches For Cross-Subject Classification in Motor Imagery: From the State-of-The-Art to DynamicNet,A. Zancanaro; G. Cisotto; J. R. Paulo; G. Pires; U. J. Nunes,2021,IEEE
Motor Imagery Multi-classification based on Canonical Correlation Analysis Feature Fusion,Z. Yang; S. Guo; Y. Hong,2021,IEEE
Filter Bank Adversarial Domain Adaptation For Motor Imagery Brain Computer Interface,Y. Zhang; S. Qiu; W. Wei; X. Ma; H. He,2021,IEEE
A Novel Channel Selection Method for BCI Classification Using Dynamic Channel Relevance,A. Tiwari; A. Chaturvedi,2021,IEEE
"Short-Time Fourier Transform Covariance and Selection, A Feature Extraction Method for Binary Motor Imagery Classification",Y. Ma; L. Zheng; Z. Yi; Y. Xiao; C. Wang; X. Wu,2021,IEEE
Time-frequency decomposition-based weighted ensemble learning for motor imagery EEG classification,L. Zheng; Y. Ma; M. Li; Y. Xiao; W. Feng; X. Wu,2021,IEEE
Speed Classification of Upper Limb Movements Through EEG Signal for BCI Application,S. Zolfaghari; T. Y. Rezaii; S. Meshgini; A. Farzamnia; L. C. Fan,2021,IEEE
Motor Imagery EEG Signal Classification based on Deep Transfer Learning,M. Wei; R. Yang; M. Huang,2021,IEEE
Feature Extraction of EEG Signal by Power Spectral Density for Motor Imagery Based BCI,M. N. Alam; M. I. Ibrahimy; S. M. A. Motakabber,2021,IEEE
The Classification of Motor Imagery EEG Signals Based on the Time-Frequency-Spatial Feature,X. Deng; B. Zhang; K. Liu; J. Wang; P. Yang; C. Hu,2021,IEEE
Classification of Hand-Grasp Movements of Stroke Patients using EEG Data,S. Rasheed; W. Mumtaz,2021,IEEE
Integrating EEG and NIRS improves BCI performance during motor imagery,Z. Wang; C. Cao; Y. Zhou; L. Chen; B. Gu; S. Liu; M. Xu; F. He; D. Ming,2021,IEEE
A Security System for Door Opened by Using Brain Signal,B. A. H. Ali; E. A. Mohamed; A. B. Idriss,2021,IEEE
Motor Imagery Classification Based on Hybrid Feature Extraction and Deep Neural Network,R. D. Chintamani; P. Kumar; R. Karan,2021,IEEE
Learning Common Time-Frequency-Spatial Patterns for Motor Imagery Classification,Y. Miao; J. Jin; I. Daly; C. Zuo; X. Wang; A. Cichocki; T. -P. Jung,2021,IEEE
Attention-based spatio-temporal-spectral feature learning for subject-specific EEG classification,D. -H. Ko; D. -H. Shin; T. -E. Kam,2021,IEEE
Data-driven Data Augmentation for Motor Imagery Brain-Computer Interface,H. K. Lee; J. -H. Lee; J. -O. Park; Y. -S. Choi,2021,IEEE
Advanced TSGL-EEGNet for Motor Imagery EEG-Based Brain-Computer Interfaces,X. Deng; B. Zhang; N. Yu; K. Liu; K. Sun,2021,IEEE
Trial Regeneration With Subband Signals for Motor Imagery Classification in BCI Paradigm,M. K. I. Molla; S. K. Saha; S. Yasmin; M. R. Islam; J. Shin,2021,IEEE
Statistical Wavelets With Harmony Search- Based Optimal Feature Selection of EEG Signals for Motor Imagery Classification,S. Mohdiwale; M. Sahu; G. R. Sinha; V. Bhateja,2021,IEEE
Spatiotemporal-Filtering-Based Channel Selection for Single-Trial EEG Classification,F. Qi; W. Wu; Z. L. Yu; Z. Gu; Z. Wen; T. Yu; Y. Li,2021,IEEE
Ensemble Learning Based Brain–Computer Interface System for Ground Vehicle Control,J. Zhuang; K. Geng; G. Yin,2021,IEEE
Research on Multi-feature Extraction Method in EEG Signal of Motor Imagination,L. Dezhi; Z. Xintong; G. Xiaozhong,2020,IEEE
Multi-task recognition motor imagery based on deep learning,X. Rao; H. Fang,2020,IEEE
NAO Robot Limb Control Method Based on Motor Imagery EEG,Y. Guo; M. Wang; T. Zheng; Y. Li; P. Wang; X. Qin,2020,IEEE
A Brain-computer Interface for Motor Imagination Based on Multi-channel EEG Analysis,T. Jia; C. Dong; S. Ma; Y. Qi; X. Chen,2020,IEEE
A Novel Multiple Motor Imagery Experimental Paradigm Design and Neural Decoding,C. Tang; L. Xu; P. Chen; Y. He; A. Bezerianos; H. Wang,2020,IEEE
EEG Classification for Motor Imagery Mental Tasks Using Wavelet Signal Denoising,I. Ivaylov; M. Lazarova; A. Manolova,2020,IEEE
FBCSP and Adaptive Boosting for Multiclass Motor Imagery BCI Data Classification: A Machine Learning Approach,R. Das; P. S. Lopez; M. Ahmed Khan; H. K. Iversen; S. Puthusserypady,2020,IEEE
Regions of Interest (ROI) Analysis for Upper Limbs EEG Neuroimaging Schemes,K. P. Pa Aung; K. H. Nwe,2020,IEEE
A Robust Multi-Channel EEG Signals Preprocessing Method for Enhanced Upper Extremity Motor Imagery Decoding,M. G. Asogbon; O. W. Samuel; X. Li; N. Jiang; O. P. Idowu; Y. Jiang; Y. Geng; A. H. Al-Timemy; G. Li,2020,IEEE
Deep Temporal-Spatial Feature Learning for Motor Imagery-Based Brain–Computer Interfaces,J. Chen; Z. Yu; Z. Gu; Y. Li,2020,IEEE
Chaotic Quantum-inspired Evolutionary Algorithm: enhancing feature selection in BCI,A. C. Ramos; M. Vellasco,2020,IEEE
A Computationally Efficient Multiclass Time-Frequency Common Spatial Pattern Analysis on EEG Motor Imagery,C. Zhang; A. Eskandarian,2020,IEEE
An Adaptive CSP and Clustering Classification for Online Motor Imagery EEG,Q. Jiang; Y. Zhang; G. Ge; Z. Xie,2020,IEEE
EEG-based BMI using Multi-Class Motor Imagery for Bionic Arm,A. C. Subrata; M. Agus Riyadi; T. Prakoso,2020,IEEE
S-EEGNet: Electroencephalogram Signal Classification Based on a Separable Convolution Neural Network With Bilinear Interpolation,W. Huang; Y. Xue; L. Hu; H. Liuli,2020,IEEE
"Decoding EEG Rhythms During Action Observation, Motor Imagery, and Execution for Standing and Sitting",R. Chaisaen; P. Autthasan; N. Mingchinda; P. Leelaarporn; N. Kunaseth; S. Tammajarung; P. Manoonpong; S. C. Mukhopadhyay; T. Wilaiprasitporn,2020,IEEE
EEG-based Motor Imagery Classification through Transfer Learning of the CNN,S. Taheri; M. Ezoji,2020,IEEE
Spectrum-Weighted Tensor Discriminant Analysis for Motor Imagery-Based BCI,S. Huang; Y. Chen; T. Wang; T. Ma,2020,IEEE
An Approach of One-vs-Rest Filter Bank Common Spatial Pattern and Spiking Neural Networks for Multiple Motor Imagery Decoding,H. Wang; C. Tang; T. Xu; T. Li; L. Xu; H. Yue; P. Chen; J. Li; A. Bezerianos,2020,IEEE
Automated Ocular Artifacts Identification and Removal from EEG Data Using Hybrid Machine Learning Methods,M. Sarin; A. Verma; D. H. Mehta; P. Kumar Shukla; S. Verma,2020,IEEE
Sparse CSP Algorithm via Joint Spatio-Temporal Filtering,A. Jiang; J. Shang; W. Cheng; X. Liu; H. K. Kwan; Y. Zhu,2020,IEEE
Transform based feature construction utilizing magnitude and phase for convolutional neural network in EEG signal classification,J. Kim; Y. Park; W. Chung,2020,IEEE
Recurrent Deep Learning for EEG-based Motor Imagination Recognition,S. A. Rammy; M. Abrar; S. J. Anwar; W. Zhang,2020,IEEE
A Long Short-Term Memory Autoencoder Approach for EEG Motor Imagery Classification,R. H. Elessawy; S. Eldawlatly; H. M. Abbas,2020,IEEE
Efficient CSP Algorithm With Spatio-Temporal Filtering for Motor Imagery Classification,A. Jiang; J. Shang; X. Liu; Y. Tang; H. K. Kwan; Y. Zhu,2020,IEEE
Emotion-Inducing Imagery Versus Motor Imagery for a Brain-Computer Interface,A. D. Bigirimana; N. Siddique; D. Coyle,2020,IEEE
Subject-Independent Brain–Computer Interfaces Based on Deep Convolutional Neural Networks,O. -Y. Kwon; M. -H. Lee; C. Guan; S. -W. Lee,2020,IEEE
Three-class Motor Imagery Classification Based on FBCSP Combined with Voting Mechanism,B. Li; B. Yang; C. Guan; C. Hu,2019,IEEE
Wavelet transform based approach for EEG feature selection of motor imagery data for braincomputer interfaces,P. Kant; J. Hazarika; S. H. Laskar,2019,IEEE
A Filtering Method for Classification of Motor-Imagery EEG Signals for Brain-Computer Interface,P. S. Ramya; K. Yashasvi; A. Anjum; A. Bhattacharyya; R. B. Pachori,2019,IEEE
Classification of Motor Imagery EEG Signals with multi-input Convolutional Neural Network by augmenting STFT,T. H. Shovon; Z. A. Nazi; S. Dash; M. F. Hossain,2019,IEEE
Discriminating between Color Exposure and Idle State using EEG Signals for BCI Application,A. A. Torres-García; L. Alfredo Moctezuma; S. Åsly; M. Molinas,2019,IEEE
Motor Imagery based Multivariate EEG Signal Classification for Brain Controlled Interface Applications,F. Farooq; N. Rashid; A. Farooq; M. Ahmed; A. Zeb; J. Iqbal,2019,IEEE
A data driven Information theoretic feature extraction in EEG-based Motor Imagery BCI,J. -H. Lee; Y. -S. Choi,2019,IEEE
A Novel BCI System Based on Hybrid Features for Classifying Motor Imagery Tasks,J. Abougharbia; O. Attallah; M. Tamazin; A. A. A. Nasser,2019,IEEE
A New Channel Selection Method using Autoencoder for Motor Imagery based Brain Computer Interface,P. K. Parashiva; A. P. Vinod,2019,IEEE
Motor Imagery EEG Signals Decoding by Multivariate Empirical Wavelet Transform-Based Framework for Robust Brain–Computer Interfaces,M. T. Sadiq; X. Yu; Z. Yuan; F. Zeming; A. U. Rehman; I. Ullah; G. Li; G. Xiao,2019,IEEE
Classification of Motor Imagery Tasks using Phase Space Reconstruction and Empirical Mode Decomposition,N. Bagh; R. Machireddy; F. Shahlaei,2019,IEEE
Classification of EEG Motor Imagery Tasks Using Convolution Neural Networks,S. H. Ling; H. Makgawinata; F. H. Monsivais; A. dos Santos Goncalves Lourenco; J. Lyu; R. Chai,2019,IEEE
Enhancing Mu-based BCI Performance with Rhythmic Electrical Stimulation at Alpha Frequency,X. Zhang; Y. Guo; B. Gao; J. Long,2019,IEEE
Image-based Motor Imagery EEG Classification using Convolutional Neural Network,T. Yang; K. S. Phua; J. Yu; T. Selvaratnam; V. Toh; W. H. Ng; K. K. Ang; R. Q. So,2019,IEEE
Improved Decoding of EEG-Based Motor Imagery Using Convolutional Neural Network and Data Space Adaptation,S. Chua; Y. Tao; R. Q. So,2019,IEEE
Metrological performance of a single-channel Brain-Computer Interface based on Motor Imagery,L. Angrisani; P. Arpaia; F. Donnarumma; A. Esposito; N. Moccaldi; M. Parvis,2019,IEEE
Motor Imagery EEG Signals Classification Based on Mode Amplitude and Frequency Components Using Empirical Wavelet Transform,M. T. Sadiq; X. Yu; Z. Yuan; Z. Fan; A. U. Rehman; G. Li; G. Xiao,2019,IEEE
Probability Mapping Based Artifact Detection and Wavelet Denoising based Artifact Removal from Scalp EEG for BCI Applications,M. K. Islam; A. Rastegarnia,2019,IEEE
A Deep Learning Framework for Decoding Motor Imagery Tasks of the Same Hand Using EEG Signals,R. Alazrai; M. Abuhijleh; H. Alwanni; M. I. Daoud,2019,IEEE
Transfer Learning based Motor Imagery Classification using Convolutional Neural Networks,M. Parvan; A. R. Ghiasi; T. Y. Rezaii; A. Farzamnia,2019,IEEE
A Deep Transfer Convolutional Neural Network Framework for EEG Signal Classification,G. Xu; X. Shen; S. Chen; Y. Zong; C. Zhang; H. Yue; M. Liu; F. Chen; W. Che,2019,IEEE
Frequency-Optimized Local Region Common Spatial Pattern Approach for Motor Imagery Classification,Y. Park; W. Chung,2019,IEEE
Spatial Component-wise Convolutional Network (SCCNet) for Motor-Imagery EEG Classification,C. -S. Wei; T. Koike-Akino; Y. Wang,2019,IEEE
Classification of Motor Imagery Electrocorticogram Signals for Brain-Computer Interface,W. Zheng; F. Xu; M. Shu; Y. Zhang; Q. Yuan; J. Lian; Y. Zheng,2019,IEEE
Decoding Two-Class Motor Imagery EEG with Capsule Networks,K. -W. Ha; J. -W. Jeong,2019,IEEE
A Simplified Tool for Testing of Feature Selection and Classification Algorithms in Motor Imagery of Right and Left Hands of EEG Signals,G. B. Bernardi; T. Cleber Pimenta; R. L. Moreno,2019,IEEE
Convolutional Neural Network Based Approach Towards Motor Imagery Tasks EEG Signals Classification,S. Chaudhary; S. Taran; V. Bajaj; A. Sengur,2019,IEEE
Wavelet Transform Time-Frequency Image and Convolutional Network-Based Motor Imagery EEG Classification,B. Xu; L. Zhang; A. Song; C. Wu; W. Li; D. Zhang; G. Xu; H. Li; H. Zeng,2019,IEEE
EEG Feature Extraction of Motor Imagery Based on WT and STFT,Y. Hu; L. Wang; W. Fu,2018,IEEE
Classification of EEG for Upper Limb Motor Imagery: An Approach for Rehabilitation,Y. Paul; R. A. Jaswal,2018,IEEE
An Experimental Analysis of Motor Imagery EEG Signals Using Feature Extraction and Classification Methodologies,P. K. Shukla; R. Kumar Chaurasiya,2018,IEEE
Development of an EEG-based Motor Imagery Brain-Computer Interface System for Lower Limb Assistive Technologies,V. G. B. Ayado; C. J. N. Dungca; S. A. Lazam; M. N. L. Pereira; J. R. O. Tan; S. V. Prado,2018,IEEE
Sensorimotor Cortex EEG signal classification using Hidden Markov Models and Wavelet Decomposition,M. Mumtaz; M. Afzal; A. Mushtaq,2018,IEEE
Relevant Frequency Band Selection using Sequential Forward Feature Selection for Motor Imagery Brain Computer Interfaces,J. S. Kirar; R. K. Agrawal,2018,IEEE
A Comparative Study of Different Feature Extraction Methods for Motor Imagery EEG Decoding within the Same Upper Extremity,Y. Chu; X. Zhao; Y. Zou; H. Zhang; W. Xu; Y. Zhao,2018,IEEE
A Survey of Deep Learning and Traditional Approaches for EEG Signal Processing and Classification,M. Iftikhar; S. A. Khan; A. Hassan,2018,IEEE
A High Performance Approach for Classification of Motor Imagery EEG,W. Abbas; N. A. Khan,2018,IEEE
Deep Fusion Feature Learning Network for MI-EEG Classification,J. Yang; S. Yao; J. Wang,2018,IEEE
DeepMI: Deep Learning for Multiclass Motor Imagery Classification,W. Abbas; N. A. Khan,2018,IEEE
EEG Channel Selection Based on Correlation Coefficient for Motor Imagery Classification: A Study on Healthy Subjects and ALS Patient,T. Yang; K. K. Ang; K. S. Phua; J. Yu; V. Toh; W. H. Ng; R. Q. So,2018,IEEE
Evaluation of Different Signal Processing Methods in Time and Frequency Domain for Brain-Computer Interface Applications,J. Arnin; D. Kahani; H. Lakany; B. A. Conway,2018,IEEE
FBCSP-based Multi-class Motor Imagery Classification using BP and TDP features,W. Abbas; N. A. Khan,2018,IEEE
Bayesian Optimized Spectral Filters Coupled With Ternary ECOC for Single-Trial EEG Classification,S. Shahtalebi; A. Mohammadi,2018,IEEE
Motor Imagery Classification Using TSK Fuzzy Inference Neural Networks,R. Donovan; X. -H. Yu,2018,IEEE
Study on Classification of Left-Right Hands Motor Imagery EEG Signals Based on CNN,G. Tian; Y. Liu,2018,IEEE
Quantum-inspired Evolutionary Algorithm for Feature Selection in Motor Imagery EEG Classification,A. C. Ramos; M. Vellasco,2018,IEEE
Key Screw and Cylindrical Grasp Motion Classfication from Same Hand,S. Ghosh; A. Banerjee; K. Bakshi; C. S. Kumar; D. N. Tibarewala,2018,IEEE
A Bayesian Framework to Optimize Double Band Spectra Spatial Filters for Motor Imagery Classification,S. Shahtalebi; A. Mohammadi,2018,IEEE
A New Motor Imagery EEG Classification Method FB-TRCSP+RF Based on CSP and Random Forest,R. Zhang; X. Xiao; Z. Liu; W. Jiang; J. Li; Y. Cao; J. Ren; D. Jiang; L. Cui,2018,IEEE
Classification of motor imagery eeg using wavelet envelope analysis and LSTM networks,J. Zhou; M. Meng; Y. Gao; Y. Ma; Q. Zhang,2018,IEEE
A convolution neural networks scheme for classification of motor imagery EEG based on wavelet time-frequecy image,H. K. Lee; Y. -S. Choi,2018,IEEE
Study of wavelet-based performance enhancement for motor imagery brain-computer interface,M. Alansari; M. Kamel; B. Hakim; Y. Kadah,2018,IEEE
Smart thoughts: BCI based system implementation to detect motor imagery movements,I. Mustafa; I. Mustafa,2018,IEEE
Filter Bank Regularized Common Spatial Pattern Ensemble for Small Sample Motor Imagery Classification,S. -H. Park; D. Lee; S. -G. Lee,2018,IEEE
"A Comparative Study of Wavelet and CSP Features Classified Using LDA, SVM and ANN in EEG Based Motor Imagery",M. Aljalal; R. Djemal,2017,IEEE
Design expanded BCI with improved efficiency for VR-embedded neurorehabilitation systems,F. Parivash; L. Amuzadeh; A. Fallahi,2017,IEEE
Improving the efficiency of an EEG-based brain computer interface using Filter Bank Common Spatial Pattern,M. Mohammadi; M. R. Mosavi,2017,IEEE
Time frequency analysis of non-stationary motor imagery EEG signals,A. Tyagi; V. Nehra,2017,IEEE
Study of electroencephalogram feature extraction and classification of three tasks of motor imagery,Z. Zhao; J. Yu; Y. Wu; J. Li; H. Guo; H. Zhang; L. Sun,2017,IEEE
EEG-based BCI system for classifying motor imagery tasks of the same hand using empirical mode decomposition,R. Alazrai; S. Aburub; F. Fallouh; M. I. Daoud,2017,IEEE
EEG motor imagery signals classification using maximum overlap wavelet transform and support vector machine,C. E. Hernández-González; J. M. Ramírez-Cortés; P. Gómez-Gil; J. Rangel-Magdaleno; H. Peregrina-Barreto; I. Cruz-Vega,2017,IEEE
Motor Imagery EEG Signal Processing and Classification Using Machine Learning Approach,S. R. Sreeja; J. Rabha; K. Y. Nagarjuna; D. Samanta; P. Mitra; M. Sarma,2017,IEEE
Subject dependent feature extraction method for motor imagery based BCI using multivariate empirical mode decomposition,J. Zhang; C. Yan; X. Gong,2017,IEEE
Deep convolutional neural network for decoding motor imagery based brain computer interface,J. Zhang; C. Yan; X. Gong,2017,IEEE
Canonical correlation analysis of EEG for classification of motor imagery,N. Robinson; K. P. Thomas; A. P. Vinod,2017,IEEE
EEG Classification of Covert Speech Using Regularized Neural Networks,A. Rezazadeh Sereshkeh; R. Trott; A. Bricout; T. Chau,2017,IEEE
Masking empirical mode decomposition-based hybrid features for recognition of motor imagery in EEG,W. Chen; Y. You,2017,IEEE
Classification of motor imagery EEG signals based on wavelet transform and sample entropy,M. Ma; L. Guo; K. Su; D. Liang,2017,IEEE
Reject option to reduce false prediction rates for EEG-motor imagery based BCI,M. Ganeshkumar; K. K. Ang; R. Q. So,2017,IEEE
Classification of four categories of EEG signals based on relevance vector machine,E. Dong; G. Zhu; C. Chen,2017,IEEE
Feature extraction by common spatial pattern in frequency domain for motor imagery tasks classification,J. Wang; Z. Feng; N. Lu,2017,IEEE
Restricted exhaustive search for frequency band selection in motor imagery classification,P. Bustios; J. L. Rosa,2017,IEEE
EEG-based multi-class motor imagery classification using variable sized filter bank and enhanced One Versus One classifier,M. E. Sharbaf; A. Fallah; S. Rashidi,2017,IEEE
Empirical mode decomposition of EEG signals for brain computer interface,M. E. Alam; B. Samanta,2017,IEEE
A Unified Fisher’s Ratio Learning Method for Spatial Filter Optimization,X. Li; C. Guan; H. Zhang; K. K. Ang,2017,IEEE
A Deep Learning Scheme for Motor Imagery Classification based on Restricted Boltzmann Machines,N. Lu; T. Li; X. Ren; H. Miao,2017,IEEE
BCI system to classify EEG stimulus pattern,R. Helen; S. Gopinath,2016,IEEE
Ensemble methods combination for Motor Imagery tasks in Brain Computer Interface,M. Rahimi; A. Zarei; E. Nazerfard; M. H. Moradi,2016,IEEE
Spatial Filter Bank based on Probabilistic Common Spatial Pattern in Motor Imagery BCI systems,A. Zarei; F. Ghassemi,2016,IEEE
Classification of motor imagery hands movement using levenberg-marquardt algorithm based on statistical features of EEG signal,M. M. or Rashid; M. Ahmad,2016,IEEE
Adaptive modelling of eeg signals to produce accurate time-frequency decompositions for use in BCI,M. M. C. Ştefan; I. E. Nicolae; R. Strungaru; T. M. Vasile; O. A. Băjenaru; G. M. Ungureanu,2016,IEEE
Multiclass motor imagery classification for BCI application,M. M. Or Rashid; M. Ahmad,2016,IEEE
Data adaptive filtering approach to improve the classification accuracy of motor imagery for BCI,S. K. Saha; M. S. Ali,2016,IEEE
Wavelet coherence based channel selection for classifying single trial motor imagery,S. Saha; K. I. Ahmed; R. Mostafa,2016,IEEE
Wavelet based feature extraction for classification of motor imagery signals,F. Sherwani; S. Shanta; B. S. K. K. Ibrahim; M. S. Huq,2016,IEEE
A QR decomposition based RLS algorithm with forgetting factor for adaptation of AR EEG features,H. Iqbal; M. Aqil,2016,IEEE
EEG pattern recognition based on dual-tree complex wavelet transform and particle swarm optimization,M. Miao; A. Wang; C. Zhao; F. Liu,2016,IEEE
A study on the efficient tracking of ERD based on the adaptive identification of the subject's reactive band,M. M. C. Ştefan; I. E. Nicolae; R. Strungaru; G. M. Ungureanu; M. Vasile; O. A. Băjenaru,2016,IEEE
Classification of imagery motor EEG data with wavelet denoising and features selection,L. Sun; Z. R. Feng,2016,IEEE
Real-time single channel EEG motor imagery based Brain Computer Interface,J. Camacho; V. Manian,2016,IEEE
Feature extraction and visualization of MI-EEG by LLE algorithm,M. -a. Li; X. Luo; M. Zhang; J. Yang,2016,IEEE
Combined long short-term memory based network employing wavelet coefficients for MI-EEG recognition,M. Li; M. Zhang; X. Luo; J. Yang,2016,IEEE
A multivariate empirical mode decomposition based filtering for subject independent BCI,P. Gaur; R. B. Pachori; H. Wang; G. Prasad,2016,IEEE
An adjustment strategy on multi-session EEG data for online left/right hand imagery classification,S. Muthong; P. Vateekul; M. Sriyudthsak,2016,IEEE
Shrinkage estimator based regularization for EEG motor imagery classification,H. V. Shenoy; A. P. Vinod; C. Guan,2015,IEEE
Motor imagery movements classification using multivariate EMD and short time Fourier transform,S. K. Bashar; A. R. Hassan; M. I. H. Bhuiyan,2015,IEEE
Automatic feature selection based motor imagery movements detection scheme from EEG signals in the Dual Tree Complex Wavelet Transform domain,S. K. Bashar; M. I. H. Bhuiyan,2015,IEEE
A feature extraction technique of EEG based on EMD-BP for motor imagery classification in BCI,D. Trad; T. Al-ani; M. Jemni,2015,IEEE
Motor imagery brain functional connectivity analysis via coherence,M. Hamedi; S. -H. Salleh; S. B. Samdin; A. M. Noor,2015,IEEE
A multi-modal BCI system based on motor imagery,L. Zhao; X. Wang,2015,IEEE
A Novel Mechanism to Fuse Various Sub-Aspect Brain-Computer Interface (BCI) Systems with PSO for Motor Imagery Task,C. -T. Lin; T. -Y. Hsieh; Y. -T. Liu; S. -L. Wu; Y. -Y. Lin,2015,IEEE
Multivariate Adaptive Autoregressive Modeling and Kalman Filtering for Motor Imagery BCI,I. T. Hettiarachchi; T. T. Nguyen; S. Nahavandi,2015,IEEE
Bi-Directional Imagined Hand Movement Classification Using Low Cost EEG-Based BCI,N. Robinson; A. P. Vinod,2015,IEEE
Dual tree complex wavelet transform domain based motor imagery movements classification scheme from EEG signals,S. K. Bashar; M. I. H. Bhuiyan,2015,IEEE
The comparison of automatic artifact removal methods with robust classification strategies in terms of EEG classification accuracy,P. Merinov; M. Belyaev; E. Krivov,2015,IEEE
Implementation of nonlinear classifiers for adaptive autoregressive EEG features classification,M. Ahmad; M. Aqil,2015,IEEE
Developing a novel multi-fusion brain-computer interface (BCI) system with particle swarm optimization for motor imagery task,Tsung-Yu Hsieh; Y. -Y. Lin; Yu-Ting Liu; Chieh-Ning Fang; C. -T. Lin,2015,IEEE
Kernel-based relevant feature extraction to support Motor Imagery classification,L. Arias-Mora; L. López-Ríos; Y. Céspedes-Villar; L. F. Velasquez-Martinez; A. M. Alvarez-Meza; G. Castellanos-Dominguez,2015,IEEE
Discrimination of EEG related to motor imagery by combined wavelet energy feature with phase synchronization feature,C. Liu; Y. Fu; H. Sun; X. Zhang,2015,IEEE
An empirical mode decomposition based filtering method for classification of motor-imagery EEG signals for enhancing brain-computer interface,P. Gaur; R. B. Pachori; Hui Wang; G. Prasad,2015,IEEE
Optimising frequency band selection with forward-addition and backward-elimination algorithms in EEG-based brain-computer interfaces,H. Raza; H. Cecotti; G. Prasad,2015,IEEE
EEG signal analysis for BCI application using fuzzy system,T. Nguyen; S. Nahavandi; A. Khosravi; D. Creighton; I. Hettiarachchi,2015,IEEE
Feature extraction method of motor imagery EEG based on DTCWT sample entropy,M. Ming; S. Lu; H. Man; Y. Ma; Y. Gao,2015,IEEE
Selection of proper electrodes and improving performance in brain computer interfaces,E. Durmuş; N. Gürsel Özmen,2015,IEEE
Three-class classification of motor imagery EEG data including “rest state” using filter-bank multi-class Common Spatial pattern,T. Shiratori; H. Tsubakida; A. Ishiyama; Y. Ono,2015,IEEE
Nonnegative matrix factorization common spatial pattern in brain machine interface,H. Tsubakida; T. Shiratori; A. Ishiyama; Y. Ono,2015,IEEE
Random Forest and Filter Bank Common Spatial Patterns for EEG-Based Motor Imagery Classification,M. Bentlemsan; E. -T. Zemouri; D. Bouchaffra; B. Yahya-Zoubir; K. Ferroudji,2014,IEEE
Motor imagery EEG signal classification on DWT and crosscorrelated signal features,N. K. Verma; L. S. V. S. Rao; S. K. Sharma,2014,IEEE
Motor imagery EEG signal classification scheme based on entropy of intrinsic mode function,M. T. F. Talukdar; S. K. Sakib; C. Shahnaz; S. A. Fattah,2014,IEEE
An adaptive EEG filtering approach to maximize the classification accuracy in motor imagery,K. Belwafi; R. Djemal; F. Ghaffari; O. Romain,2014,IEEE
Motor imagery classification using feature relevance analysis: An Emotiv-based BCI system,J. Hurtado-Rincon; S. Rojas-Jaramillo; Y. Ricardo-Cespedes; A. M. Álvarez-Meza; G. Castellanos-Domínguez,2014,IEEE
A hybrid EEG-fNIRS BCI: Motor imagery for EEG and mental arithmetic for fNIRS,M. J. Khan; K. -S. Hong; N. Naseer; M. R. Bhutta,2014,IEEE
A bacterial foraging optimization and learning automata based feature selection for motor imagery EEG classification,M. Pal; S. Bhattacharyya; S. Roy; A. Konar; D. N. Tibarewala; R. Janarthanan,2014,IEEE
Discriminative channel addition and reduction for filter bank common spatial pattern in motor imagery BCI,Z. Y. Chin; K. K. Ang; C. Wang; C. Guan,2014,IEEE
EEG classification based on variance,S. C. Machavarapu; M. K. Mukul; D. Kumar,2014,IEEE
Classification of motor imagery tasks using phase synchronization analysis of EEG based on multivariate empirical mode decomposition,S. Liang; K. -S. Choi; J. Qin; W. -M. Pang; P. -A. Heng,2014,IEEE
Motor imagery EEG signal classification scheme based on wavelet domain statistical features,S. M. Imran; M. T. F. Talukdar; S. K. Sakib; N. S. Pathan; S. A. Fattah,2014,IEEE
Spatio-temporally regularized common spatial patterns (STR-CSP) for single-trial EEG classification,F. Qi; Y. Li; W. Wu,2014,IEEE
The offline feature extraction of four-class motor imagery EEG based on ICA and Wavelet-CSP,X. Bai; X. Wang; S. Zheng; M. Yu,2014,IEEE
Mental task motor imagery classifications for noninvasive brain computer interface,E. Abdalsalam M.; M. Z. Yusoff; N. Kamel; A. Malik; M. Meselhy,2014,IEEE
Robot motion control using Brain Computer Interface,R. Upadhyay; P. K. Kankar; P. K. Padhy; V. K. Gupta,2013,IEEE
Envelope detection based on online ICA algorithm and its application to motor imagery classification,X. Guo; X. Wu; X. Gong; L. Zhang,2013,IEEE
Time-frequency analysis of EEG signals from healthy subjects allocated by gender for a subject-independent BCI-based on motor imagery,J. Cantillo-Negrete; J. Gutiérrez-Martínez; R. I. Cariño-Escobar; T. B. Flores-Rodríguez; D. Elías-Viñas,2013,IEEE
Analytic common spatial pattern and adaptive classification for multiclass motor imagery-based BCI,L. F. Nicolas-Alonso; R. Corralejo; D. Álvarez; R. Hornero,2013,IEEE
Applying Kalman filter in EEG-Based Brain Computer Interface for Motor Imagery classification,Nik Khadijah Nik Aznan; Yeon-Mo Yang,2013,IEEE
Characterization of EEG signals using wavelet transform for motor imagination tasks in BCI systems,B. Medina-Salgado; L. Duque-Muñoz; H. Fandiño-Toro,2013,IEEE
Maximum dependency and minimum redundancy-based channel selection for motor imagery of walking EEG signal detection,H. Yang; C. Guan; C. C. Wang; K. K. Ang,2013,IEEE
Joint spatial-temporal filter design for analysis of motor imagery EEG,X. Li; H. Zhang; C. Guan; S. H. Ong; Y. Pan; K. K. Ang,2013,IEEE
Novel use of Empirical Mode Decomposition in single-trial classification of motor imagery for use in brain-computer interfaces,S. R. H. Davies; C. J. James,2013,IEEE
A self produced mother wavelet feature extraction method for motor imagery brain-computer interface,W. . -L. Yeh; Y. . -C. Huang; J. . -H. Chiou; J. . -R. Duann; J. . -C. Chiou,2013,IEEE
Non-homogeneous spatial filter optimization for EEG-based brain-computer interfaces,T. -E. Kam; H. -I. Suk; S. -W. Lee,2013,IEEE
BMFLC with neural network and DE for better event classification,Y. Wang; V. Gonuguntla; G. Shafiq; K. C. Veluvolu,2013,IEEE
Classification of Motor Imagery BCI Using Multivariate Empirical Mode Decomposition,C. Park; D. Looney; N. ur Rehman; A. Ahrabian; D. P. Mandic,2013,IEEE
Simultaneous Design of FIR Filter Banks and Spatial Patterns for EEG Signal Classification,H. Higashi; T. Tanaka,2013,IEEE
EEG feature extraction and pattern recognition during right and left hands motor imagery in brain-computer interface,C. Liu; H. Wang; H. Pu; Y. Zhang; L. Zou,2012,IEEE
Optimal segments selection for EEG classification,I. Homri; S. Yacoub; N. Ellouze,2012,IEEE
Application of neural network to brain-computer interface,W. -Y. Hsu; I. -J. Chiang,2012,IEEE
Optimal EEG feature extraction based on R-square coefficients for motor imagery BCI system,P. Chum; S. -M. Park; K. -E. Ko; K. -B. Sim,2012,IEEE
The feature extraction of motor imagery EEG based on the time-frequency correction,W. Dongyang; J. Jing; W. Xingyu,2012,IEEE
Time-frequency selection in two bipolar channels for improving the classification of motor imagery EEG,Y. Yang; S. Chevallier; J. Wiart; I. Bloch,2012,IEEE
Novel feature generation and classification for a 2-state Self-paced Brain Computer Interface system,J. Gu; R. Ward,2012,IEEE
EEG-based motor imagery classification using wavelet coefficients and ensemble classifiers,R. Ebrahimpour; K. Babakhani; M. Mohammad-Noori,2012,IEEE
Multi-frequency band common spatial pattern with sparse optimization in Brain-Computer Interface,M. Arvaneh; C. Guan; K. K. Ang; C. Quek,2012,IEEE
Dynamic initiation and dual-tree complex wavelet feature-based classification of motor imagery of swallow EEG signals,Huijuan Yang; C. Guan; K. K. Ang; C. C. Wang; K. S. Phua; Juanhong Yu,2012,IEEE
A motor imagery BCI experiment using wavelet analysis and spatial patterns feature extraction,O. Carrera-León; J. M. Ramirez; V. Alarcon-Aquino; M. Baker; D. D'Croz-Baron; P. Gomez-Gil,2012,IEEE
A novel EMD-based Common Spatial Pattern for motor imagery brain-computer interface,W. He; P. Wei; L. Wang; Y. Zou,2012,IEEE
A BCI motor imagery experiment based on parametric feature extraction and Fisher Criterion,D. D'Croz-Baron; J. M. Ramirez; M. Baker; V. Alarcon-Aquino; O. Carrera,2012,IEEE
The research of brain-computer interface based on AAR parameters and neural networks classifier,Xin Ma,2011,IEEE
A Wavelet-CSP method to classify hand movement directions in EEG based BCI system,N. Robinson; A. P. Vinod; C. Guan; K. K. Ang; T. K. Peng,2011,IEEE
Spectral analysis of brain function network for the classification of motor imagery tasks,W. Kong; X. Guo; X. Zhao; D. Wei; S. Hu; G. Dai; G. Vecchiato; F. Babiloni,2011,IEEE
Optimal design of a bank of spatio-temporal filters for EEG signal classification,H. Higashi; T. Tanaka,2011,IEEE
Feature selection strategy for classification of single-trial EEG elicited by motor imagery,S. Prasad; Zheng-Hua Tan; R. Prasad; A. F. Cabrera; Y. Gu; K. Dremstrup,2011,IEEE
EEG denoising with a recurrent quantum neural network for a brain-computer interface,V. Gandhi; V. Arora; L. Behera; G. Prasad; D. Coyle; T. McGinnity,2011,IEEE
Filter Bank Feature Combination (FBFC) approach for brain-computer interface,Z. Y. Chin; K. K. Ang; C. Guan; C. Wang; H. Zhang,2011,IEEE
Nonlinear and nonstationary framework for feature extraction and classification of motor imagery,D. Trad; T. Al-ani; E. Monacelli; M. Jemni,2011,IEEE
Data-Driven Frequency Bands Selection in EEG-Based Brain-Computer Interface,H. -I. Suk; S. -W. Lee,2011,IEEE
Novel feature of the EEG based motor imagery BCI system: Degree of imagery,Y. -H. Liu; C. -A. Cheng; H. -P. Huang,2011,IEEE
Comparative study of band-power extraction techniques for Motor Imagery classification,N. Brodu; F. Lotte; A. Lécuyer,2011,IEEE
Optimum Spatio-Spectral Filtering Network for Brain–Computer Interface,H. Zhang; Z. Y. Chin; K. K. Ang; C. Guan; C. Wang,2011,IEEE
Design of a Brain Computer Interface system based on electroencephalogram(EEG),O. Gunaydin; M. Ozkan,2010,IEEE
Motor imagery ECoG signals classification using wavelet transform features,Ö. Aydemir; T. Kayikçioğlu,2010,IEEE
Classification of EEG signals by ICA and OVR-CSP,L. Ke; J. Shen,2010,IEEE
Wavelet and Common Spatial Pattern for EEG signal feature extraction and classification,Liwei Zhang; Guozhong Liu; Ying Wu,2010,IEEE
EEG feature extraction and pattern classification based on motor imagery in brain-computer interface,L. Zou; X. Wang; G. Shi; Z. Ma,2010,IEEE
A Study on the impact of spectral variability in brain-computer interface,K. P. Thomas; C. Guan; L. C. Tong; A. P. Vinod,2010,IEEE
Online cue-based discrimination of left / right hand movement imagination,B. Akıncı; N. G. Gençer,2010,IEEE
Classifying motor imagery EEG by Empirical Mode Decomposition based on spatial-time-frequency joint analysis approach,Pengfei Wei; Qiuhua Li; Guanglin Li,2009,IEEE
Feature Extraction and Classification of Mental EEG for Motor Imagery,L. Ming-Ai; W. Rui; H. Dong-Mei; Y. Jin-Fu,2009,IEEE
An Improved CSP Algorithm and Application in Motor Imagery Recognition,L. Mingai; L. Jingyu; H. Dongmei; Y. Jinfu,2009,IEEE
Multi-class filter bank common spatial pattern for four-class motor imagery BCI,Z. Y. Chin; K. K. Ang; C. Wang; C. Guan; H. Zhang,2009,IEEE
Robust filter bank common spatial pattern (RFBCSP) in motor-imagery-based brain-computer interface,K. K. Ang; Z. Y. Chin; H. Zhang; C. Guan,2009,IEEE
EEG-based online two-dimensional cursor control,D. Huang; P. Lin; D. -Y. Fei; X. Chen; O. Bai,2009,IEEE
Denoising of multiscale/multiresolution structural feature dictionaries for rapid training of a brain computer interface,N. F. Ince; V. A. Tadipatri; F. Goksu; A. H. Tewfik,2009,IEEE
Feature extraction and classification of EEG for imaging left-right hands movement,Huaiyu Xu; Jian Lou; Ruidan Su; Erpeng Zhang,2009,IEEE
A New Discriminative Common Spatial Pattern Method for Motor Imagery Brain–Computer Interfaces,K. P. Thomas; C. Guan; C. T. Lau; A. P. Vinod; K. K. Ang,2009,IEEE
Classification of 4-class motor imagery EEG data with Common Sparse Spectral Spatial Pattern method,B. Akinci; N. G. Gencer,2009,IEEE
Classification of the Imagination of the Left and Right Hand Movements using EEG,M. A. Hassan; A. F. Ali; M. I. Eladawy,2008,IEEE
Improving the performance of brain-computer interface through meditation practicing,P. Eskandari; A. Erfanian,2008,IEEE
Application of Hilbert-Huang transform for the study of motor imagery tasks,Lei Wang; Guizhi Xu; JiangWang; Shuo Yang; Weili Yan,2008,IEEE
An adaptive filter bank for motor imagery based Brain Computer Interface,K. P. Thomas; C. Guan; Lau Chiew Tong; V. A. Prasad,2008,IEEE
Classification of EEG with structural feature dictionaries in a brain computer interface,F. Goksu; N. F. Ince; V. A. Tadipatri; A. H. Tewfik,2008,IEEE
Multiclass voluntary facial expression classification based on Filter Bank Common Spatial Pattern,Z. Y. Chin; K. K. Ang; C. Guan,2008,IEEE
Filter Bank Common Spatial Pattern (FBCSP) in Brain-Computer Interface,Kai Keng Ang; Zheng Yang Chin; Haihong Zhang; Cuntai Guan,2008,IEEE
Classification of Motor Imagery EEG Based on a Time-Frequency Analysis and Second-Order Blind Identification,D. Xiao; J. Hu,2008,IEEE
Classification of Left and Right Hand Motor Imagery Tasks Based on EEG Frequency Component Selection,X. Pei; C. Zheng,2008,IEEE
Comparative Analysis of Spectral Approaches to Feature Extraction for EEG-Based Motor Imagery Classification,P. Herman; G. Prasad; T. M. McGinnity; D. Coyle,2008,IEEE
Classifying Single-Trial EEG During Motor Imagery by Iterative Spatio-Spectral Patterns Learning (ISSPL),W. Wu; X. Gao; B. Hong; S. Gao,2008,IEEE
Algorithm of Imagined Left-Right Hand Movement Classification Based on Wavelet Transform and AR Parameter Model,B. Xu; A. Song; J. Wu,2007,IEEE
Sub-band Common Spatial Pattern (SBCSP) for Brain-Computer Interface,Q. Novi; C. Guan; T. H. Dat; P. Xue,2007,IEEE
Study of On-Line Adaptive Discriminant Analysis for EEG-Based Brain Computer Interfaces,C. Vidaurre; A. Schlogl; R. Cabeza; R. Scherer; G. Pfurtscheller,2007,IEEE
A Space-time-Frequency Analysis Approach for the Classification Motor Imagery EEG Recordings in a Brain Computer Interface Task,N. F. Ince; A. H. Tewfik; S. Arica,2006,IEEE
Spatiotemporal Source Tuning Filter Bank for Multiclass EEG based Brain Computer Interfaces,S. Acharya; M. Mollazadeh; K. Murari; N. Thakor,2006,IEEE
Motor imagery based Brain Computer Interface with subject adapted time-frequency tiling,N. F. Ince; A. H. Tewfik; S. Arica,2006,IEEE
Using Multiresolution Space-Time-Frequency Features for the Classification Motor Imagery Eeg Recordings in a Brain Computer Interface Task,N. F. Ince; S. Arica; A. H. Tewfik,2006,IEEE
Classification of Motor Imagery EEG recordings with Subject Specific Time-Frequency Patterns,Ince; Arica; Tewfik,2006,IEEE
An enhanced time-frequency-spatial approach for motor imagery classification,N. Yamawaki; C. Wilke; Zhongming Liu; Bin He,2006,IEEE
Enhancing Temporal Classification of AAR Parameters in EEG single-trial analysis for Brain-Computer Interfacing,G. S. Dharwarkar; O. Basir,2005,IEEE
Enhancement of Performance of an EEG-based Brain-Computer Interface by means of a Time-Frequency Approach,N. Yamawaki; C. Wilke; Z. M. Liu; B. He,2005,IEEE
Classification of motor imagery EEG patterns and their topographic representation,Tao Wang; Jie Deng; Bin He,2004,IEEE
Motor imagery classification by means of source analysis methods,L. Qin; J. Deng; L. Ding; B. He,2004,IEEE
BCI competition 2003-data set III: probabilistic modeling of sensorimotor /spl mu/ rhythms for classification of imaginary hand movements,S. Lemm; C. Schafer; G. Curio,2004,IEEE
Classification of Motor Imagery EEG Signals Based on Data Augmentation and Convolutional Neural Networks,"Xie Y, Oniga S.",2023,PubMed
Classification Scheme for Arm Motor Imagery,"Tavakolan M, Yong X, Zhang X, Menon C.",2016,PubMed
Hybrid mental tasks based human computer interface via integration of pronunciation and motor imagery,"Tong J, Wei X, Dong E, Sun Z, Du S, Duan F.",2022,PubMed
Recognition of motor intentions from EEGs of the same upper limb by signal traceability and Riemannian geometry features,"Zhang M, Huang J, Ni S.",2023,PubMed
Identification of Anisomerous Motor Imagery EEG Signals Based on Complex Algorithms,"Liu R, Zhang Z, Duan F, Zhou X, Meng Z.",2017,PubMed
[Research of classification about BCI based on the signals energy],"Qiao J, Hu P, Hong J.",2014,PubMed
A linearly extendible multi-artifact removal approach for improved upper extremity EEG-based motor imagery decoding,"Asogbon MG, Samuel OW, Li X, Nsugbe E, Scheme E, Li G.",2021,PubMed
EEG-based online two-dimensional cursor control,"Huang D, Lin P, Fei DY, Chen X, Bai O.",2009,PubMed
A comparative analysis of masking empirical mode decomposition and a neural network with feed-forward and back propagation along with masking empirical mode decomposition to improve the classification performance for a reliable brain-computer interface,"Jaipriya D, Sriharipriya KC.",2022,PubMed
Parallel convolutional neural network and empirical mode decomposition for high accuracy in motor imagery EEG signal classification,"D J, K C S.",2025,PubMed
Application of Hilbert-Huang transform for the study of motor imagery tasks,"Wang L, Xu G, Wang J, Yang S, Yan W.",2008,PubMed
A novel onset detection technique for brain-computer interfaces using sound-production related cognitive tasks in simulated-online system,"Song Y, Sepulveda F.",2017,PubMed
"A Ternary Hybrid EEG-NIRS Brain-Computer Interface for the Classification of Brain Activation Patterns during Mental Arithmetic, Motor Imagery, and Idle State","Shin J, Kwon J, Im CH.",2018,PubMed
Research on Movement Intentions of Human's Left and Right Legs Based on Electro-Encephalogram Signals,Dong F.; Wu L.; Feng Y.; Liang D.,2022,Scopus
Adaptive subject-based feature extraction in brain-computer interfaces using wavelet packet best basis decomposition,Yang B.-h.; Yan G.-z.; Yan R.-g.; Wu T.,2007,Scopus
An improved feature extraction method for self-paced brain-computer interface application,Chen G.; Zhang J.; Yao L.,2009,Scopus
Time window and frequency band optimization using regularized neighbourhood component analysis for Multi-View Motor Imagery EEG classification,Singh Malan N.; Sharma S.,2021,Scopus
iTa-DFiE: An Innovative Tensor Algebra-Based Detection Framework for Incomplete Noninvasive Electroencephalography,Nguyen N.A.T.; Tao Q.-B.; Yang H.-J.; Huynh H.T.; Vinh N.T.Q.; Ninh D.K.,2024,Scopus
Feature Extraction and Classification of EEG Signal Based on Deep Learning,Xue S.; Geng X.; Li D.,2022,Scopus
Regions of Interest (ROI) Analysis for Upper Limbs EEG Neuroimaging Schemes,Pa Aung K.P.; Nwe K.H.,2020,Scopus
Motor Imagery Signal Classification Using Adversarial Learning: A Systematic Literature Review,Mishra S.; Mahmudi O.; Jalali A.,2024,Scopus
Classifying single-trial EEG during motor imagery by iterative spatio-spectral patterns learning (ISSPL),Wu W.; Gao X.; Hong B.; Gao S.,2008,Scopus
A novel simplified convolutional neural network classification algorithm of motor imagery EEG signals based on deep learning,Li F.; He F.; Wang F.; Zhang D.; Xia Y.; Li X.,2020,Scopus
Research of brain-computer interface system based on motor imagery,Zhao L.; Sun Y.; Ma Y.; Guo X.; He Y.; Gao X.,2012,Scopus
Classification of single trial motor imagery EEG recordings with subject adapted non-dyadic arbitrary time-frequency tilings,Firat Ince N.; Arica S.; Tewfik A.,2006,Scopus
Functional Connectivity for Motor Imaginary Recognition in Brain-computer Interface,Feng Z.; Qian L.; Hu H.; Sun Y.,2020,Scopus
A novel onset detection technique for brain-computer interfaces using sound-production related cognitive tasks in simulated-online system,Song Y.; Sepulveda F.,2017,Scopus
Overlapped Features Strategy and Parameters Optimization Patterns Recognition for Motor Imagery EEG; [重叠特征策略与参数优化的运动想象脑电模式识别],Luo T.; Zhou C.,2020,Scopus
Comparative analysis of spectral approaches to feature extraction for EEG-based motor imagery classification,Herman P.; Prasad G.; McGinnity T.M.; Coyle D.,2008,Scopus
On the automated removal of artifacts related to head movement from the EEG,Daly I.; Billinger M.; Scherer R.; Müller-Putz G.,2013,Scopus
Research on Hybrid Online Brain-Computer Interface System Based on MI-mVEP,Zhuan Z.; Bian Y.; He X.; Yuan P.; Geng L.; Li J.; Sun M.,2023,Scopus
Classification of four-class motor imagery employing single-channel electroencephalography,Ge S.; Wang R.; Yu D.,2014,Scopus
Simultaneous design of FIR filter banks and spatial patterns for EEG signal classification,Higashi H.; Tanaka T.,2013,Scopus
Motor imagery classification by means of source analysis for brain-computer interface applications,Qin L.; Ding L.; He B.,2004,Scopus
Motor imagery EEG discrimination using the correlation of wavelet features,Hsu W.-Y.,2015,Scopus
Hybrid mental tasks based human computer interface via integration of pronunciation and motor imagery,Tong J.; Wei X.; Dong E.; Sun Z.; Du S.; Duan F.,2022,Scopus
Classification of motor imagery by means of cortical current density estimation and Von Neumann entropy,Kamousi B.; Amini A.N.; He B.,2007,Scopus
BCI Competition 2003 - Data set III: Modeling of sensorimotor μ rhythms for classification of imaginary hand movements,Lemm S.; Schäfer C.; Curio G.,2004,Scopus
Feature extraction and classification of EEG in online brain-computer interface,Xu B.-G.; Song A.-G.; Fei S.-M.,2011,Scopus
Analysis of EEG signal evoked by passive movement and motor imagery,Chen Z.; Liang Q.; Zhang B.,2018,Scopus
Toward optimal feature and time segment selection by divergence method for EEG signals classification,Wang J.; Feng Z.; Lu N.; Luo J.,2018,Scopus
Enhancing Motor Imagery Classification in Brain–Computer Interfaces Using Deep Learning and Continuous Wavelet Transform,Xie Y.; Oniga S.,2024,Scopus
Research on motor imagery recognition based on feature fusion and transfer adaptive boosting,Zhang Y.; Zhang C.; Sun S.; Xu G.,2025,Scopus
Feature Extraction Techniques for the Classification of Four-Class Motor Imagery Based EEG Data: A Comparison,Mahamune R.; Laskar S.H.,2021,Scopus
Model and Data Dual-Driven Double-Point Observation Network for Ultra-Short MI EEG Classification,Niu X.; Lu N.; Yan R.; Luo H.,2024,Scopus
Feature extraction in development of brain-computer interface: A case study,Polak Mark; Kostov Aleksandar,1998,Scopus
A Hardware/Software Prototype of EEG-based BCI System for Home Device Control,Belwafi K.; Ghaffari F.; Djemal R.; Romain O.,2017,Scopus
Enhanced Online Continuous Brain-Control by Deep Learning-Based EEG Decoding,Wang J.; Yao L.; Wang Y.,2025,Scopus
Kinetic trajectory decoding using motor cortical ensembles,Fagg A.H.; Ojakangas G.W.; Miller L.E.; Hatsopoulos N.G.,2009,Scopus
"A ternary hybrid EEG-NIRS brain-computer interface for the classification of brain activation patterns during mental arithmetic, motor imagery, and idle state",Shin J.; Kwon J.; Im C.-H.,2018,Scopus
An adaptive filter bank for motor imagery based Brain Computer Interface,Thomas K.P.; Guan C.; Tong L.C.; Prasad V.A.,2008,Scopus
Classification of motor imagery BCI using multivariate empirical mode decomposition,Park C.; Looney D.; Ur Rehman N.; Ahrabian A.; Mandic D.P.,2013,Scopus
Wavelet based feature extraction for classification of motor imagery signals,Sherwani F.; Shanta S.; Ibrahim B.S.K.K.; Huq M.S.,2016,Scopus
A Novel Classification Model Based on DWT and CNN-LSTM Motor EEG Imagination Signals,Yang Y.; Chen Z.; Li W.; Ma Y.,2024,Scopus
Learning Temporal Information for Brain-Computer Interface Using Convolutional Neural Networks,Sakhavi S.; Guan C.; Yan S.,2018,Scopus
Identification of Anisomerous Motor Imagery EEG Signals Based on Complex Algorithms,Liu R.; Zhang Z.; Duan F.; Zhou X.; Meng Z.,2017,Scopus
"6th European Conference of the International Federation for Medical and Biological Engineering, MBEC 2014",,2015,Scopus
A tensor-based scheme for stroke patients' motor imagery EEG analysis in BCI-FES rehabilitation training,Liu Y.; Li M.; Zhang H.; Wang H.; Li J.; Jia J.; Wu Y.; Zhang L.,2014,Scopus
Neural ensemble decoding of rat's motor cortex by Kalman filter and optimal linear estimation,Zhang H.; Dai J.; Zhang S.; Wang Q.; Li Q.; Liu X.; Hao Y.; Yu Y.; Jiang K.; Liu J.; Zhu F.; Chen W.; Zheng X.,2009,Scopus
Electroencephalogram Feature Extraction and Classification of Motor Imagery EEG Based on Machine Learning Algorithms,Eltokhy M.A.R.; Idris S.; Gouda M.M.; Hamad H.; Hosny T.; El-Rifaie A.M.,2025,Scopus
Real-Time Motor Imagery-Based Brain–Computer Interface System by Implementing a Frequency Band Selection,Abdul Ameer Abbas A.; Martínez-García H.,2023,Scopus
Graph-based feature learning methods for subject-dependent and subject-independent motor imagery EEG decoding,Zhang S.; Lu Z.; Zhang B.; Zhang Y.; Liang Z.; Zhang L.; Li L.; Huang G.; Zhang Z.; Li Z.,2025,Scopus
Rapid prototyping of an EEG-based brain-computer interface (BCI),Guger C.; Schlögl A.; Neuper C.; Walterspacher D.; Strain T.; Pfurtscheller G.,2001,Scopus
Comparison between covert sound-production task (sound-imagery) vs. motor-imagery for onset detection in real-life online self-paced BCIs,Song Y.; Sepulveda F.,2020,Scopus
Robot control system using a mental task-based brain computer interface,Xie S.; Duan X.; Feng H.; Meng Y.; Chen G.,2017,Scopus
CD3Net: A Contrastive Diffusion Model with Domain Adaptive Data Synthetic Network for Motor Imagery and Emotion classification,Zhou Q.; Ye X.; Li S.; Du Q.; Ke L.,2025,Scopus
Characterization of four-class motor imagery EEG data for the BCI-competition 2005,Schlögl A.; Lee F.; Bischof H.; Pfurtscheller G.,2005,Scopus
EEG feature extraction and pattern classification based on motor imagery in brain-computer interface,Zou L.; Wang X.; Shi G.; Ma Z.,2010,Scopus
A Deep Learning Scheme for Motor Imagery Classification based on Restricted Boltzmann Machines,Lu N.; Li T.; Ren X.; Miao H.,2017,Scopus
Classification of imagery motor EEG data with wavelet denoising and features selection,Sun L.; Feng Z.R.,2016,Scopus
EEG classification of different imaginary movements within the same limb,Yong X.; Menon C.,2015,Scopus
Computational intelligence for pattern recognition in EEG signals,Mutasim A.K.; Tipu R.S.; Bashar M.R.; Islam M.K.; Amin M.A.,2018,Scopus
Motor Imagery Analysis Based on Filter Bank Common Spatial Pattern,Du Y.; Xu R.; Zhang J.,2021,Scopus
Parallel convolutional neural network and empirical mode decomposition for high accuracy in motor imagery EEG signal classification,Jaipriya D.; Sriharipriya K.C.,2025,Scopus
"EEG signal processing: Feature extraction, selection and classification methods",Leong W.Y.,2019,Scopus
Classification of left and right foot kinaesthetic motor imagery using common spatial pattern,Tariq M.; Trivailo P.M.; Simic M.,2020,Scopus
Spectral analysis of brain function network for the classification of motor imagery tasks,Kong W.; Guo X.; Zhao X.; Wei D.; Hu S.; Dai G.; Vecchiato G.; Babiloni F.,2011,Scopus
Data-efficient motor imagery decoding in real-time for the cybathlon brain-computer interface race,Ponferrada E.G.; Sylaidi A.; Aldo Faisal A.,2018,Scopus
Multiclass voluntary facial expression classification based on Filter Bank Common Spatial Pattern,Chin Z.Y.; Ang K.K.; Guan C.,2008,Scopus
Relevance of filter bank common spatial patterns using multiple kernel learning in motor imagery,García-Murillo D.G.; Cárdenas-Peña D.; Castellanos-Dominguez G.,2018,Scopus
EEG feature extraction method based on wavelet packet energy,Xu B.; Song A.; Wang A.,2010,Scopus
An Adaptive CSP and Clustering Classification for Online Motor Imagery EEG,Jiang Q.; Zhang Y.; Ge G.; Xie Z.,2020,Scopus
Pattern recognition method of motor imagery tasks,Xu B.; Song A.; Fei S.,2011,Scopus
A New Discriminative Common Spatial Pattern Method for Motor Imagery Brain—Computer Interfaces,Thomas K.P.; Lau C.T.; Vinod A.P.; Guan C.; Ang K.K.,2009,Scopus
A system of motor imaging brain-computer interface based on labVIEW,Zhou Y.; He Q.-h.; Jiao X.-b.,2011,Scopus
Class discrepancy-guided sub-band filter-based common spatial pattern for motor imagery classification,Luo J.; Wang J.; Xu R.; Xu K.,2019,Scopus
Wavelet analysis of EEG signals during motor imagery,Yamaguchi T.; Fujio M.; Inoue K.; Pfurtscheller G.,2008,Scopus
A2FWPO: Anti-aliasing Filter Based on Whale Parameter Optimization Method for Feature Extraction and Recognition of Dance Motor Imagery EEG,Huang T.; Luo Z.; Lyu Y.,2023,Scopus
Two Class Motor Imagery Classification Based on ANFIS,Kumar R.; Sahu M.; Mohdiwale S.,2020,Scopus
EEG pattern recognition based on dual-tree complex wavelet transform and particle swarm optimization,Miao M.; Wang A.; Zhao C.; Liu F.,2016,Scopus
Classification scheme for arm motor imagery,Tavakolan M.; Yong X.; Zhang X.; Menon C.,2016,Scopus
Structure constrained semi-nonnegative matrix factorization for EEG-based motor imagery classification,Lu N.; Li T.; Pan J.; Ren X.; Feng Z.; Miao H.,2015,Scopus
Trust and explainability in robotic hand control via adversarial multiple machine learning models with EEG sensor data fusion: A fuzzy decision-making solution,Albahri A.S.; Hamid R.A.; Alqaysi M.E.; Al-Qaysi Z.T.; Albahri O.S.; Alamoodi A.H.; Homod R.Z.; Deveci M.; Sharaf I.M.,2025,Scopus
A comparative analysis of masking empirical mode decomposition and a neural network with feed-forward and back propagation along with masking empirical mode decomposition to improve the classification performance for a reliable brain-computer interface,Jaipriya D.; Sriharipriya K.C.,2022,Scopus
Designing robust spatial filter for motor imagery electroencephalography signal classification in brain-computer interface systems,Miao M.; Wang A.; Zeng H.,2017,Scopus
Flexible coding scheme for robotic arm control driven by motor imagery decoding,Ai Q.; Zhao M.; Chen K.; Zhao X.; Ma L.; Liu Q.,2022,Scopus
A novel classification method for EEG-based motor imagery with narrow band spatial filters and deep convolutional neural network,Xu S.; Zhu L.; Kong W.; Peng Y.; Hu H.; Cao J.,2022,Scopus
Wavelet Transform Time-Frequency Image and Convolutional Network-Based Motor Imagery EEG Classification,Xu B.; Zhang L.; Song A.; Wu C.; Li W.; Zhang D.; Xu G.; Li H.; Zeng H.,2019,Scopus
Spatiotemporal source tuning filter bank for multiclass EEG based brain computer interfaces,Acharya S.; Mollazadeh M.; Murari K.; Thakor N.,2006,Scopus
Study of on-line adaptive discriminant analysis for EEG-based brain computer interfaces,Vidaurre C.; Schlögl A.; Cabeza R.; Scherer R.; Pfurtscheller G.,2007,Scopus
A CNN-based modular classification scheme for motor imagery using a novel EEG sampling protocol suitable for IoT healthcare systems,Chacon-Murguia M.I.; Rivas-Posada E.,2023,Scopus
A wavelet-based time-frequency analysis approach for classification of motor imagery for brain-computer interface applications,Qin L.; He B.,2005,Scopus
EEG Feature Extraction and Pattern Classification Based on Motor Imagery in Brain Computer Interface,Zou L.; Wang X.; Shi G.; Ma Z.,2012,Scopus
Administrating MANETs via brain computer interface,Chandrakant N.,2014,Scopus
Wavelet transform based classification of invasive brain computer interface data,Aydemir O.; Kayikcioglu T.,2011,Scopus
EEG pattern recognition: An efficient improvement combination of ERD/ERS/Laterality features to create a self-paced BCI system,Avilés-Cruz C.; Villegas-Cortez J.; Ferreyra-Ramírez A.; Zúnuñiga López A.,2016,Scopus
Recognition of motor imagery tasks for BCI using CSP and chaotic PSO twin SVM,Duan L.; Hongxin Z.; Khan M.S.; Fang M.,2017,Scopus
EEG-based online two-dimensional cursor control,Huang D.; Lin P.; Fei D.-Y.; Chen X.; Bai O.,2009,Scopus
EEG feature extraction and pattern recognition during right and left hands motor imagery in brain-computer interface,Liu C.; Wang H.; Pu H.; Zhang Y.; Zou L.,2012,Scopus
Supervised Relevance Analysis for Multiple Stein Kernels for Spatio-Spectral Component Selection in BCI Discrimination Tasks,López-Montes C.; Cárdenas-Peña D.; Castellanos-Dominguez G.,2019,Scopus
A self-paced brain - Computer interface for controlling a robot simulator: An online event labelling paradigm and an extended Kalman filter based algorithm for online training,Tsui C.S.L.; Gan J.Q.; Roberts S.J.,2009,Scopus
An adjustment strategy on multi-session EEG data for online left/right hand imagery classification,Muthong S.; Vateekul P.; Sriyudthsak M.,2016,Scopus
Reject option to reduce false prediction rates for EEG-motor imagery based BCI,Ganeshkumar M.; Ang K.K.; So R.Q.,2017,Scopus
Classification of EEG with structural feature dictionaries in a brain computer interface,Göksu F.; Ince N.F.; Tadipatri V.A.; Tewfik A.H.,2008,Scopus
Three-class Motor Imagery Classification Based on FBCSP Combined with Voting Mechanism,Li B.; Yang B.; Guan C.; Hu C.,2019,Scopus
Sensory motor imagery EEG classification based on non-dyadic wavelets using dynamic weighted majority ensemble classification,Chaudhary P.; Agrawal R.,2021,Scopus
Optimum spatio-spectral filtering network for brain-computer interface,Zhang H.; Chin Z.Y.; Ang K.K.; Guan C.; Wang C.,2011,Scopus
Recognition of motor intentions from EEGs of the same upper limb by signal traceability and Riemannian geometry features,Zhang M.; Huang J.; Ni S.,2023,Scopus
Beyond Full Electrode Arrays: Optimizing Channel Selection for Motor Imagery BCIs via Individual Channel Classifiers and Ensembles,Riascos-Salas J.A.; Villota H.; Molinas M.,2026,Scopus
Separable common spatio-spectral patterns for motor imagery BCI systems,Aghaei A.S.; Mahanta M.S.; Plataniotis K.N.,2016,Scopus
System based on subject-specific bands to recognize pedaling motor imagery: Towards a BCI for lower-limb rehabilitation,Delisle-Rodriguez D.; Cardoso V.; Gurve D.; Loterio F.; Alejandra Romero-Laiseca M.; Krishnan S.; Bastos-Filho T.,2019,Scopus
[Research of classification about BCI based on the signals energy],Qiao J.; Hu P.; Hong J.,2014,Scopus
Adaptive spiking convolutional network for decoding motor imagery patterns,Zhu Z.; Liu F.; Mu S.; Tao K.,2025,Scopus
A boosting-based spatial-spectral model for stroke patients' EEG analysis in rehabilitation training,Liu Y.; Zhang H.; Chen M.; Zhang L.,2016,Scopus
Auditory and spatial navigation imagery in Brain-Computer Interface using optimized wavelets,Cabrera A.F.; Dremstrup K.,2008,Scopus
A space-time-frequency analysis approach for the classification motor imagery EGG recordings in a Brain Computer Interface Task,Ince N.F.; Tewfik A.H.; Arica S.,2006,Scopus
Research on Motor Imagery Signal Recognition Method Based on Wavelet Packet Transform and ConvLSTM,Yang L.; Wu J.,2024,Scopus
A self-adaptive frequency selection common spatial pattern and least squares twin support vector machine for motor imagery electroencephalography recognition,Li D.; Zhang H.; Khan M.S.; Mi F.,2018,Scopus
Common spatio-time-frequency patterns for motor imagery-based brain machine interfaces,Higashi H.; Tanaka T.,2013,Scopus
Online classification of single trial motor imagery electroencephalogram signals,Xu B.; Lu W.; Song A.; Yang R.; Pan L.; Zeng H.; Xu G.,2013,Scopus
Design method of morphological structuring function for pattern recognition of EEG signals during motor imagery and cognition,Yamaguchi T.; Fujio M.; Inoue K.,2011,Scopus
Classification of Hand-Grasp Movements of Stroke Patients using EEG Data,Rasheed S.; Mumtaz W.,2021,Scopus
Motor imagery classification method based on Riemannian Manifold and CNN-LSTM for advanced brain computer interfaces,Hao Y.; Lu Q.; Cheng S.,2025,Scopus
Application of Hilbert-Huang transform for the study of motor imagery tasks,Wang L.; Xu G.; Wang J.; Yang S.; Yan W.,2008,Scopus
Discrimination of motor imagery patterns by electroencephalogram phase synchronization combined with frequency band energy,Liu C.; Fu Y.; Yang J.; Xiong X.; Sun H.; Yu Z.,2017,Scopus
Classification of Motor Imagery EEG Signals Based on Data Augmentation and Convolutional Neural Networks,Xie Y.; Oniga S.,2023,Scopus
